Company_Name,Overall_Rating,Work_Life_Balance,Mentorship_Rating,Learning_Experience,Total_Reviews
A G Technologies Pvt Ltd,3.8,5,3.9,3.6,12105
A P Technosis Ltd,3.2,3.1,4.3,4.4,12656
Aalayance Ecom Services Pvt Ltd,3.2,3.4,3.4,2.6,3276
Aarav AI Innovations,3.5,3.4,4,3.3,2289
Aarav AI Technologies,3.4,3.5,3.9,3.8,2295
Aarav Cloud Solutions,4.3,3.3,4.4,4.7,4212
Aarav Data Solutions,4.1,4.4,4.4,4.6,2112
Aarav Hub Group,4.5,5,5,4.1,2468
Aarav Info Enterprises,3.9,3.9,4.2,4.7,2122
Aarav Info Ventures,3.6,4.3,4.2,3.8,54564
Aarav Net Limited,4.5,4.5,4.1,5,455
Aarav Services Ventures,3.7,4.8,4.2,3,445
Aarav Soft Group,3.1,3,3.2,3.1,545
Aarav Soft Systems,2.9,2.8,3.7,3.1,5454
Aarav Works Networks,3,3.2,3,3,184
ABO Software Private Limited,3.6,4.2,5,3.7,7815
Accel Software Solutions Limited,3,2.5,2.5,3.1,325
Accenture,4.5,4.6,4.8,4.8,14
Accenture Services Pvt. Ltd.,3.7,3.2,4.8,3.5,2461
Access Networks India Pvt Ltd,4.1,3.5,4.8,4.5,4424
Ace Software Exports Ltd,3.4,4.4,5,3.6,24451
Aces Global Systems Pvt. Ltd,3.5,5,3.9,4.2,658
ACES Infotech Pvt Limited,4.7,5,4.4,2.3,2521
Acsys Software (India) Pvt Ltd,4,3.4,4.8,4.6,372
Acumen Software Technologies Ltnd,2.9,4.7,4.9,4.5,649
Adam Comsof Ltd,3.6,3.8,4.2,3.5,468
ADCC Research & Computing Centre Ltd,4.4,3.9,4.4,5,323
Adhyayan App Enterprises,3.5,3.4,3,3.5,439
Adhyayan Cloud Solutions,4.1,3.8,4.2,4.4,231
Adhyayan Consulting Solutions,3.1,4.2,2.7,3.6,367
Adhyayan Consulting Ventures,4.9,5,5,4.5,367
Adhyayan Cyber Pvt Ltd,4.2,4.8,4.2,4.5,228
Adhyayan Info Systems,3.1,2.7,2.9,3.6,389
Adhyayan Net Networks,3.4,2.5,4,3.9,305
Adhyayan Sec Networks,5,4.7,5,5,151
Adhyayan Solutions Group,3.3,3.7,3.2,3.6,49
Adhyayan Sys Labs,4.5,4.4,4.3,4.8,484
Adhyayan Works Pvt Ltd,3.8,3.5,4.8,3.5,68
Aditi Technologies Pvt Ltd,3.6,4.6,4.3,3.7,470
Adobe,4.7,4.4,4.9,5,920
Adobe Systems India Pvt Ltd,3.6,5,3.1,3.1,323
Adroit Computer Technique Pvt Ltd,4,4.9,4.8,5,809
Advanced Micronic Devices,3.5,4.2,3.5,3.7,42727
Advent Software Limited,2.7,5,4.5,5,220
AdventNet Development,4.7,3.6,3.6,3.8,484
Affinity Software,4.3,3.5,3.8,3.3,370
Aftek Infosys Ltd,3.8,4.1,4.3,4.5,460
Agarwal Management Consultants Pvt. Ltd.,3.3,4.1,4.3,5,937
Agere Systems India Pvt Ltd,3.7,4.3,4.7,5,867
Agni AI Limited,3.5,2.5,3,3.3,72
Agni AI Networks,3.2,2.9,2.9,3,17
Agni Info Labs,3.8,3.4,4.2,4.2,216
Agni Labs Solutions,4.5,4,4.2,4.3,393
Agni Services Technologies,3.4,3.2,3.1,3.4,348
Agni Soft Labs,3.2,3.1,3.1,3.1,500
Agni Solutions Group,3.1,2.9,3.5,2.5,202
AI Analytics,4.1,4,3.8,4,93
AI App Analytics,3.1,4.6,1.9,3.3,391
AI Consulting,4.2,4.5,4.9,4.2,949
AI Corp,4.1,4.5,4.9,4.6,109
AI Data,3.7,4.4,3.8,3.5,575
AI Dynamics,3.5,3.6,4.6,3.8,269
AI Hub Ventures,4.2,3.2,3.5,4.5,145
AI Inc,3.8,4,3.8,3.9,599
AI Info Technologies,4.4,5,3.6,4.6,415
AI Labs,5,4.8,5,5,679
AI Labs Group,4.7,5,4.9,5,370
AI Networks,4.7,3.8,4.5,4.9,992
AI Software,3.5,4.1,3.6,3.5,404
AI Solutions,3.8,3.8,4,4.5,5
AI Works Limited,3.4,3.8,3.1,3.2,160
Aithent Technologies Pvt Ltd.,3.7,3.8,4,5,231
Ajuba Solutions (India) Pvt. Ltd.,4,3.8,4.2,4.2,425
Akash App Limited,4.1,3.1,4,4,385
Akash Cloud Solutions,3.7,3.8,3.5,4,104
Akash Hub Networks,4,3.9,4.4,3.6,447
Akash Solutions Enterprises,4.1,4.7,4.2,4.1,383
Akash Space Analytics,4.4,4.6,3.8,4.5,132
Akash Sys Systems,4.1,3.8,3.9,4.3,142
Akash Web Labs,3.4,2.5,3.7,3.9,211
Akshay Software Technologies Ltd.,3.6,3.2,1.8,3.7,499
Alcatel India Limited.,3.4,4,4.3,4.5,500
Algorithms Software Pvt. Ltd.,3.6,3.1,4,4.7,160
All e Technologies,3.8,3.7,4.4,3.8,320
Allsoft Technologies Ltd,4.9,3.7,3.1,2.8,500
Alpha Analytics,4.4,3.7,4.7,4.8,198
Alpha Consulting,3.7,3.3,3.6,3.8,888
Alpha Corp,4.3,3.6,3.1,4.3,829
Alpha Dynamics,2.9,3.4,3.1,3.1,279
Alpha Innovations,2.6,2.4,4,2.7,552
Alpha Labs,3,1.3,2.9,3.2,619
Alpha Networks,3.8,4.7,4,3.8,993
Alpha Security,3.8,3.8,3.7,4.5,276
Alpha Software,4,3.8,4,4.6,347
Alpha Solutions,3.2,2.9,3.5,3.1,708
Alpha Systems,4.7,5,5,4,124
Alpha Tech,4.2,3.2,4.3,4.3,315
Alpha Technologies,3.7,3.8,3.3,4.5,187
ALSTOM Systems Limited,3.5,4.5,3.8,3.9,687
Amazon,3.2,2.3,3.6,2.8,821
Amazon Development Centre India,2.8,3.3,4.7,3.7,79
AMD,2.1,1.9,2.3,2,900
American Express (India) Pvt. Ltd.,3.9,2.2,4.3,5,297
American Megatrends (India) Pvt. Ltd,2.9,4.9,2.9,3.9,297
AmitySoft Technologies Pvt Ltd,3.4,2.3,4.4,2.7,165
Amoeba Telecom Ltd,4.2,3,4.3,3.2,73
Ampersand Software Applications Ltd.,5,2.5,4.6,4.2,31
Amsoft Information Services (I) Pvt. Ltd.,4.6,3.9,4.9,5,318
Amsoft Systems Pvt Ltd,2.4,3.9,4.1,3.7,104
AMSYS Infotech Pvt Ltd,2.6,1.9,2.3,2.6,661
Anjaleem Enterprises Pvt.,3.5,2.3,3.5,5,151
Annet Communications Pvt Ltd,3.1,2.8,4,4.5,132
An-Net Infotech Limited,4.7,5,3,3.1,297
Annik Systems Pvt Ltd,3.6,4.2,4.7,4.3,181
Ansal Housing & Construction Ltd,3.5,3.8,4.8,3.9,114
Antares Systems Pvt Ltd,3.4,3.4,4.7,5,47
ANZ Information Technology Pvt. Ltd.,3,3.8,3.9,3.7,278
Apar Technologies Ltd,3.4,5,2.9,2.6,469
Apex Analytics,2.4,2.2,2.3,3.3,545
Apex Computer & Engineering Services,3.8,5,2.6,4.2,465
Apex Consulting,4.2,4.1,3.7,4.9,745
Apex Defense,3.8,3.7,4.2,4,360
Apex Group,4.3,4.3,4.1,4.6,446
Apex Inc,4.8,5,4.6,5,992
Apex Innovations,3.3,2.6,2.9,4.2,668
Apex Labs,3.3,3,2.9,3.4,543
Apex Networks,3.4,3.4,4.9,3.7,805
Apex Security,3.9,3.3,4.3,4.2,547
Apex Software,4.2,4,4.5,4.8,728
Apex Tech,3.1,2.6,3.6,3.9,1775
Apex Technologies Pvt. Ltd.,2.9,5,4.4,3.4,992
Apple,3.5,4.2,4.8,3.4,947
Applied Software Pvt. Ltd.,3.3,5,2.6,4.1,447
Apt Software Avenues Pvt. Ltd.,4.3,3.6,3.2,3.5,425
Aptech Limited.,4.1,3.4,3.5,3.7,33
Aravali App Ventures,3.6,4.5,3.9,3.5,374
Aravali Cloud Labs,4.1,3,4.4,4.4,194
Aravali Com Pvt Ltd,5,5,5,5,425
Aravali Labs Technologies,4.2,5,4.4,4,273
Aravali Link Group,4.1,4.4,4.3,4.5,17
Aravali Link Labs,4.8,4.5,5,4.8,256
Aravali Sys Limited,4,4.2,3.9,4.5,163
Aravali Tech Ventures,3.3,3.9,3.7,3.9,481
Aravali Web Networks,5,4.9,5,4.5,456
ARB Software India (P) Ltd.,2.8,3.2,4.5,3.5,57
Aress Software & Education Technologies (P) Ltd.,3,2.8,3.4,4.8,222
Arthur Andersen India Private Limited,3.7,5,4,3,597
Arthur D. Little India Consultancy,3.6,3.7,4.5,3.6,297
Arya Communications & Electronics Services Ltd.,3,5,3.8,3.6,368
Aryabhatta Solutions Ltd.,3.5,4.4,2.8,4.4,99
Ashtech Infotech Pvt. Ltd.,4.4,3.4,2.9,4.5,306
ASL Technologies Ltd.,3.8,5,5,3.9,37
ASM Technologies Limited,2.4,4.5,4.2,4.2,214
Astral Tele*Foundation Pvt. Ltd.,4.7,1.7,4.5,4.3,829
Atari Informatics Ltd.,4.3,2.2,3.3,4.4,908
Atika Computer Education Services,3.6,3,4.5,4.8,470
Atos Origin India Private Limited,2.5,1.9,2.9,4.4,28
Autodesk India Pvt. Ltd.,4.6,4.1,4.7,3.3,470
Avantel Softech Ltd.,4.1,4,5,4.6,370
Aver Software Technologies Ltd.,4.6,3.4,4.3,3.9,58
Aviation Software Development Consultancy India Ltd.,3.2,2.9,3.4,3.6,61
AVL India Software Pvt Ltd,4.3,3.3,5,3.6,370
AXA Business Services Pvt Ltd,3.9,2.6,4.6,5,290
Axes Technologies (I) Pvt Ltd,3.3,4.2,5,4.9,821
Axiom Solutions Pvt Ltd,4.1,3.5,5,2.6,135
AXS Online (P) Ltd,4.8,3.9,2.9,4.3,992
Aztec Software & Technologies(P) Ltd.,3.4,3.2,5,4.7,257
Aztek Systems Pvt Ltd,3.5,3.4,4,5,315
BAeHAL Software Limited,4,1.4,3,3.8,668
Bamboo Software Solutions Pvt. Ltd,3.9,3.6,3.8,3.2,469
Bangalore Softsell Ltd,3.8,4.3,4.7,3.7,69
Bangalore Software Services Ltd,4.5,4.8,3.4,3.7,565
Barry-Wehmiller International Resources Pvt Ltd,4.9,3.2,4.5,3.4,446
Bells Softech Limited,3.4,4.7,2.4,3.5,244
Beni Softwares Pvt Ltd,4.1,4.7,4.6,4,655
Bentley Systems India Pvt Ltd,3.1,4.5,3.7,2.8,39
Bersoft Infotech Pvt Ltd,4.2,3.9,4,5,407
Beta Analytics,3.8,3.4,3.2,4.2,774
Beta Consulting,3.5,2.8,3,3.9,172
Beta Corp,4,3.7,3.8,4.1,146
Beta Data,3.6,2.9,4.1,3.9,222
Beta Dynamics,3.4,3.6,4,3.6,808
Beta Inc,4.1,3.9,3.1,3.6,428
Beta Innovations,3.5,4.2,3.1,4,124
Beta Labs,3.5,3.7,4,4,469
Beta Networks,3.8,3.6,4.1,3.6,826
Beta Security,4,4.2,3.4,3.9,523
Beta Software,3.9,3.6,3.9,4.3,902
Beta Solutions,4.8,3.8,5,4.9,146
Beta Systems,3.8,3.9,3.6,3.7,372
Beta Technologies,3.7,2.8,2.3,4.5,809
Bharat Cloud Technologies,4.3,3.9,4.7,5,154
Bharat Sec Limited,2.8,2.5,3.1,3.6,99
Bharat Services Analytics,3.4,3.5,3.5,3.7,37
Bharat Soft Pvt Ltd,3.7,3.8,3.6,3.4,280
Bharat Sys Analytics,3.6,4.1,3.2,3.7,230
Bharat Web Technologies,3.8,3.2,3.2,3.7,97
Bhari Information Technology Systems Pvt. Ltd.,4.8,4.1,4.7,3.5,617
Bharti Infotrac Ltd.,2.9,3.9,3.7,3.7,73
Bharti Telesoft Ltd.,5,3.8,2.9,3.6,58
Bhilwara Infotech Limited,3.5,2.1,3.5,3.2,730
Binary Semantics Limited,2.8,3,2.9,4.9,306
Bindview India Private Limited,3,4.1,4.5,4.7,452
Birla Technologies Ltd,4.1,5,4.6,3.3,370
Birlasoft Limited,3.7,5,3,3.9,481
Blue Chip Computer Consultants Pvt. Ltd.,4.2,4.3,3,4.2,144
Blue Star Infotech Ltd,3.6,2,3.5,5,295
BMC Software India Pvt. Ltd.,3.7,3.6,3.7,4.1,360
Boston Education & Software Technologies Pvt. Ltd.,3,3.6,3.7,3.4,728
Botree Software International Ltd,5,4.1,3.6,5,103
BPB Publications,2.9,2.8,2.9,4.5,73
BPL Innovision Technologies Pvt Ltd,4.7,4.2,4.4,4.7,343
BPL Telecom Ltd.,3.7,3.9,3.1,3.5,470
Brigade Corporation India Pvt Ltd,3.8,3.7,5,4.3,728
BrowserStack,4.2,4.7,3.3,4.6,133
BSEL Information Systems Limited,3.9,3.5,2.9,3.5,261
BT (Worldwide) Ltd.,3.4,3,3,4.7,65
BTN Infotech India Pvt Ltd,4.3,4.4,5,2.5,482
Busy Infotech Pvt. Ltd,2.6,2.9,3.8,4.7,160
CA Computer Associates India Pvt Ltd,4.1,3.7,3.5,5,415
Cadence Design Systems India Pvt. Ltd.,4.4,3,3.9,4.5,37
Caldera International Inc,3.9,3,4.4,3.7,937
California Software Co. Ltd.,4.2,4.6,4.2,3,588
Cambridge Technology Partners,4.3,3.1,4.4,5,154
Canbank Computer Services Ltd.,4.1,4,4.4,3.9,809
Canon India Pvt Ltd.,3.8,3.2,3.6,4.7,492
Cap Gemini Ernst & Young Consulting India Pvt Ltd,3.7,4,3.5,5,163
Capgemini,3.3,4.1,4.1,3.2,681
Capgemini Technology Services,4.6,4.8,3.5,4.9,367
Care & Cure International Ltd,3.7,1.3,3.3,5,755
Cashtech Solutions India Pvt Ltd,4,4.1,5,3.8,396
"CA-TCG Software, Pvt. Ltd.",4.1,4.4,4.9,5,252
CCE Software,4.4,2.8,4,5,383
CDS International Ltd,3.7,3.1,4.4,3.1,374
CE Info Systems Pvt. Ltd.,3.6,4.6,3.1,2.6,160
Celcius Technologies Pvt. Ltd,2.8,4.5,3.2,5,37
Cellnext Solutions Ltd,3.5,3.7,4.1,5,151
Celstream Technologies Pvt Ltd,3.5,3.7,2.9,4.1,434
Centre for Development of Advanced Computing (C - DAC),4.8,4.3,4.3,3.3,976
Centre for Development of Telematics,3.8,2.9,4.8,4.2,542
Cerebra Integrated Technologies Ltd,3.5,3.8,3.7,4.3,58
CG Maersk Information Technologies Pvt. Ltd.,3.3,4.4,3.7,5,338
CGI Information Systems and Management Consultants Pvt Ltd,3.2,3.5,5,4.7,500
CG-Smith Software Limited,3.7,3.4,5,3.6,31
CG-VAK Software & Exports Ltd.,3.9,2.5,3.4,5,289
Chakkilam Infotech Ltd,3.2,4.5,3.6,5,265
Chandigarh Infotech Centre Ltd.,3.6,3.4,2.3,3.4,483
Changepond Technologies Pvt Ltd,3.1,2.8,5,3.3,370
Chenab Information Technologies Pvt. Ltd.,3,4.9,3.5,4.3,431
Cherrysoft Technologies Ltd,4,2.9,4,4.9,104
Churchill India Pvt. Ltd.,4,3.8,4.9,3.5,339
Cisco,4.2,2.9,4.9,4.5,304
Cisco Systems (India) Pvt. Ltd.,3.8,3.6,3.6,2.6,617
Cisco Systems India,2.9,5,2.9,5,93
CISTEMS (Software) Ltd.,3.9,4.2,5,3.6,291
Citrix Software Ltd,3.4,3.3,3.4,3.6,360
CLC Technologies Ltd,3.3,4.1,2,3.8,321
Cloud Analytics,3.4,3.8,3.6,3.2,970
Cloud Cloud Group,3.7,3.1,2.7,4.5,346
Cloud Data,5,5,5,5,884
Cloud Defense,4.5,4.7,5,4.5,561
Cloud Dynamics,2.2,3.2,1.6,2.1,446
Cloud Inc,5,4.5,5,4.9,703
Cloud Labs,3.4,3.5,3.3,3.8,407
Cloud Labs Analytics,3.4,2.7,3.3,3.1,188
Cloud Networks,4.2,4.7,3.8,3.8,966
Cloud Security,2.5,2.7,2.5,3.3,460
Cloud Software,3.6,5,3.3,4.1,937
Cloud Solutions,4.1,3.7,4.8,5,4747
Cloud Space Ventures,2.4,2.4,2,3.1,29
Cloud Systems,4.9,5,5,5,594
Cloud Technologies,3.3,3.4,3.8,3.7,57
Clover Technologies Pvt Ltd,3.9,2.2,3.8,4.4,235
CMC Limited,3.7,3.6,3.9,5,319
Coforge Limited,3.7,4.1,2.6,3.9,469
Cogito Technologies Ltd,4,3.8,3,3.6,163
Cognizant,5,4.6,5,5,139
Cognizant Technology Solutions,3.1,3.9,2.8,3.5,379
Cognizant Technology Solutions India Pvt. Ltd.,2.7,4.7,3,4.6,410
Cognosys Software Pvt Ltd,4.1,4.6,5,3.5,457
Compudyne Winfosystems Limited,3.3,2.9,3.7,2.8,774
Compulink Systems Pvt Ltd,3.5,3.5,4.3,3.6,163
Computech International Limited,3.6,4.6,4.1,2.8,372
Computer Clinic India Pvt. Ltd.,4,4.6,4.7,2.8,225
Computer Sciences Corporation India Pvt Ltd,3.1,5,3.4,2.5,133
Congruent Solutions Pvt. Ltd.,2.2,4.6,3.7,3.9,959
Consindia Private Limited,4.2,3.8,4.2,3.6,152
Consolidated Futuristic Solutions Ltd,4.1,3.5,4.7,4.1,476
Consulting Engineering Services (I) Ltd,3.5,3.5,2.6,5,65
Contech Software Ltd.,4.3,5,3.3,4.8,281
Convergent Software Limited,3.7,1.2,2.3,4.1,370
Convergys India Services Pvt Ltd,4.8,2.6,4.8,3.3,850
Cordiant Interweb Technologies Pvt Ltd,3,4.6,4.6,3.7,681
Core Consulting,3.9,4.2,4.9,3.8,911
Core Corp,2.6,2,2.4,2.8,934
Core Defense,4.1,4.6,3.9,4.3,867
Core Group,2.2,3,2.9,2.6,126
Core Innovations,5,3.9,4.5,5,799
Core Labs,2,1.2,1.1,2.5,767
Core Networks,3.1,3.6,3,4,319
Core Security,2.1,2.3,1.7,2,464
Core Solucomm Ltd,3.5,3.5,4.2,5,113
Core Tech,4,3.4,3,3.9,757
Cosmic Infotech Solutions,5,4.4,5,3.7,193
Cosystems Technologies Private Limited.,3.4,1.8,3.9,4.1,302
Covansys India (Private) Ltd.,4.1,3.6,3.4,4.2,287
Cranes Software International Ltd.,3.4,3.3,4,3.2,176
"Creatnet Services Ltd., New",3.9,4,3.7,3.4,114
Cresco Technology (P) Ltd.,3.5,4.8,3.9,4.6,543
Crossdomain Solutions Pvt Ltd,3.7,4.3,2,3.8,50
Crossword Software Pvt Ltd,3.6,3.8,4.2,3.5,359
CrowdStrike,4.2,4.4,3.8,4.5,971
Cruise Controls Pvt Ltd,3.3,4.2,3.8,4,337
CustomerAsset India Pvt. Ltd.,3.1,4.2,2.9,4.5,444
Cyber Analytics,2.9,2.2,2.6,3.7,297
Cyber App Limited,3.6,2.9,4.1,3.6,360
Cyber Consulting,3.6,3.3,4.4,3.9,787
Cyber Corp,2.9,2.9,3.6,3.2,89
Cyber Cyber Limited,4.1,3,3.6,4.2,279
Cyber Defense,4.3,4.7,4.5,4.6,551
Cyber Dynamics,4,3.9,3.7,4.2,777
Cyber Initiatives (India) Ltd,5,5,4.2,4,376
Cyber Innovations,4.2,4.1,3.9,4.8,239
Cyber Labs,4,3.6,4,4,934
Cyber Link Innovations,4.1,4.1,4.3,4.4,132
Cyber Networks,3.3,3.2,3.5,3.8,193
Cyber Sec Innovations,4,4,4,4.8,278
Cyber Security,3.4,3.3,3.3,3.7,186
Cyber Services Networks,5,5,5,4.8,182
Cyber Software,4.3,4.2,3.8,4.3,553
Cyber Solutions,3,2,3.7,2.8,889
Cyber Solutions Limited,3.5,4.1,3.9,3.4,420
Cyber Space Analytics,4.1,4.7,4.6,4.3,241
Cyber Space Networks,4.1,3.3,4.7,4.1,296
Cyber Systems,4.8,3.4,4.3,4.7,562
Cyber Technologies,3.3,3.4,4,4.2,34
Cyber Web Ventures,3.8,2.7,3.2,3.6,414
Cybertech Systems and Software Ltd.,2.8,4.2,4.7,3,360
CybizCall (Inter national) Ltd,4.5,2.8,3.3,4.5,783
Cygnus Software Pvt Ltd,4.5,2.9,3.2,3.1,964
Cygsoft Limited,2.9,3.4,3.6,3.7,231
Cyient Limited,4,4.7,4.1,3.6,77
D E Shaw India Software Pvt. Ltd.,3.8,5,4.1,4,179
Daksh eServices Pvt Ltd,3.7,5,5,3.6,431
Damco Advanced Technologies,4.3,2.8,3.8,4.1,193
Daniel Measurement & Control (India) Pvt Ltd,3.4,1.9,5,3.7,755
Danlaw Technologies India Ltd.,3.8,4,4,3.6,179
Data Cloud Pvt Ltd,3.5,2.9,3.6,3.7,472
Data Com Limited,4,3.5,4.6,4,390
Data Com Networks,3.5,4,4.1,3.8,39
Data Corp,2.7,1.6,2.5,3.1,687
Data Cyber Limited,3.6,4.1,3.6,3.7,134
Data Group,3.8,4.7,4.4,4,886
Data Hub Enterprises,3.5,3.2,3.1,3.9,405
Data Labs,4.5,5,5,4.3,723
Data Labs Analytics,3.1,4,2.2,3.2,113
Data Link Enterprises,4,4.6,5,3.7,172
Data Net Limited,4.1,5,4.3,4.9,263
Data Networks,3.3,4.4,2.9,3.7,141
Data Security,4.1,3.7,4.5,4.6,927
Data Soft Analytics,3.2,3.6,3.1,2.9,432
Data Soft Solutions,3.6,2.6,3.2,3.7,261
Data Software Research Company International Ltd.,3.4,4,4.2,3.5,775
Data Tech,3.7,3.8,3.1,4.1,287
Data Tech Enterprises,4.4,3.9,4.6,4.7,21
Data Tech Systems,3.5,2.9,3.3,4.3,206
Datacons Pvt. Ltd.,4,3.5,3.9,4,809
Data-Core (India) Ltd.,3.7,3.7,3.8,5,347
Datacraft India Ltd.,3.5,4.3,3.3,3.1,467
Datadog,4.1,5,4.2,4.7,685
Datamatics Ltd.,2.6,3.5,3.1,4.1,431
Datamatics Technologies Pvt. Ltd.,3.1,4.8,3.2,3.6,347
Datapro Infoworld Ltd.,3.6,4.2,3.6,4,146
Dawn Consulting,3.5,4,4,4.3,291
DCM Datasystems Ltd.,3.4,3.8,3.1,3.6,848
DCM Technologies Limited,4.3,3,4,3.4,257
DDE ORG Systems Ltd.,4.4,3.7,2.6,3.8,65
Deccan Infotech (P) Limited,3.9,3.1,3.8,3.3,467
Deccanet Designs Limited,4.2,4,4,3.1,77
Decision Technologies (India ) Pvt Ltd,4.1,3.1,4.2,4.7,175
Dell,5,4.3,4.6,5,748
Dell Technologies India,4.7,1.3,4,3.2,545
Deloitte India,3.8,3.9,2.9,4.5,576
Delsoft India Pvt. Ltd.,4.1,3.8,2.7,3.5,655
Delsys Infotech Pvt. Ltd.,4,3.2,2.6,5,470
Desi Com Limited,3.3,4.2,2.5,4,106
Desi Consulting Innovations,3.4,3.5,3.4,3.5,297
Desi Hub Ventures,3.3,3,2.6,3.8,248
Desi Info Solutions,4,3.4,4.4,4.5,326
Desi Link Labs,4.5,3.4,4.4,4.2,129
Desi Link Ventures,3.9,4.6,3.4,4.1,286
Desi Solutions Systems,4.3,3.5,4.3,4.1,165
Desi Space Innovations,3.8,3.4,4,4.1,318
Desi Tech Labs,4.1,5,4.5,4.2,174
Desi Tech Networks,3.3,4,3.7,4.1,34
Desi Web Solutions,3.9,4.1,4.7,4.4,289
DESS Technologies,3.8,3.9,5,4,755
Dexterity Business Analysts Private Limited.,3.1,2.8,3.4,3.7,172
Dharma AI Systems,3.8,4.3,5,4.4,126
Dharma App Ventures,4.4,4.5,4.3,4.1,428
Dharma Com Ventures,4.3,4.9,3.2,4.3,194
Dharma Consulting Limited,3,3.4,3.3,3.4,281
Dharma Cyber Group,2.3,2,1.8,3.6,135
Dharma Cyber Technologies,3.2,3,2.9,2.6,61
Dharma Data Enterprises,3.2,2.8,2.9,4.5,218
Dharma Hub Networks,4,4.8,4.6,3.3,434
Dharma Info Systems,4.2,5,4.7,5,372
Dharma Info Technologies,3.3,3.6,2.9,2.8,73
Dharma Sec Analytics,2.8,2.6,4.2,3.1,406
Dharma Soft Pvt Ltd,3,4.1,3.4,3.6,109
Dharma Sys Group,3.5,3.7,3.3,3.5,404
Dharma Sys Innovations,2.9,2.5,2.9,2.5,74
Dharma Systems Pvt. Ltd.,4.8,3.4,4.9,3.7,106
Differential Technologies Limited,3.5,4.4,4.2,4.6,295
Digital GlobalSoft Ltd.,2.4,3.4,5,4.1,898
"Digitec Engineers & Computech Pvt Ltd, Indore, MP",4.2,4.7,2.5,3.9,241
"Directorate of Technical Education, Punjab",2.6,3.8,5,3.5,279
"Disha Online (P) Ltd, Raipur (MP)",3.4,4.4,4.2,5,306
Divas Offshore Software Technologies (P) Ltd,4.3,3.4,4.4,4.5,610
divine India Limited,4.2,3.2,3.4,4.3,472
Dogma Soft Public Limited,3.5,4.3,4.5,4.3,380
DPS Technologies India Pvt Ltd,3.6,4.5,4.5,3.4,930
DRS Infosystems Ltd,4.2,3.4,4.7,2.8,89
Druva,4.1,4.7,2.5,4.4,437
DSL Software Ltd.,2.5,3.4,4.8,3.9,383
DSQ Software Limited,3.8,3.4,3.4,2.8,262
DSS Infotech Pvt. Ltd.,3.9,2,3.7,3.2,124
Duncan Infotech,4.6,2.1,4.4,5,286
Dusk Valley Technologies Ltd,4,2.5,5,4,390
E B C Publishing Pvt. Ltd.,3.5,4.1,2.7,4.1,124
e Three R Info Systems Pvt Ltd,2.4,5,4,3.7,425
Eastern Software Systems Ltd.,4,4.1,2.3,4,61
e-biz Concepts (India) ltd,3.4,4.4,3.1,3.1,105
E-Brahma Technologies (P) Ltd.,3.4,3.3,4.4,3.6,247
Eclipse Systems Pvt. Ltd.,4.5,4.9,2.5,2.3,133
Ecom Server India (P) Ltd,3.4,3.9,4.6,4.3,385
Ecomenable Pvt Ltd,4.1,2.6,2.5,4,654
EDS - Electronic Data Systems (India) Private Limited,4,1.3,3.7,2.8,30
Edutech Information India,4.1,3.2,3.4,3.3,381
e-enable Technologies Pvt Ltd,2.1,4.9,3.3,4.5,66
eFunds International Private Limited,3.3,3.3,4.2,3.9,994
e-Infochips Pvt. Ltd.,3.4,4.7,1.6,4.5,783
EKnowVenture Technologies Pvt Ltd,4.3,3.3,3.9,3.6,966
Electronics Corporation of Tamil Nadu Limited,3.5,4.1,2.9,3.7,406
Elgi Software Ltd.,3.5,4.7,4.9,4.5,262
Elind Computers Ltd,3.4,3.8,4.6,2.7,344
Emcure Infotech Ltd,3.8,3.6,5,3.9,57
Emerson Network Power (India) Pvt Ltd,4.1,3.4,3.7,3.2,202
eMR Technology Ventures Pvt. Ltd.,3.8,4.9,3.4,4.7,634
Encodex Technologies (India) Pvt. Ltd.,3.5,3.3,3,4.8,599
Enlink Infotech Pvt Ltd,3.1,2.2,3.5,4.6,376
Entcomm (Asia) Pvt. Ltd.,3.8,4.1,3.1,4.6,196
Eonour Software Ltd.,3.2,4.8,3.8,3.8,335
Epicenter Technologies Pvt Ltd,2.4,4.5,2.8,3.9,58
Escosoft Technologies Ltd.,3.2,4.4,3.1,3.8,379
ESN Technologies (I) Pvt Ltd,3.6,4.6,3.8,4.2,320
eSoft Consulting Ltd,2.2,3.4,3.5,3.2,59
Esols Worldwide Ltd.,3.9,1.4,2.9,4.6,805
eSpace Technologies Pvt.Ltd.,3.8,3.9,2.3,3.6,406
ESPL Systems Private Limited,4.4,1.7,4.7,3.6,846
"Essar Information Technology Ltd., Surat (DT)",3.5,3.4,5,3.2,664
Essel Software & Services Ltd.,3.5,1.3,3.8,2.6,188
Esskay Solutions Ltd,2.1,3.7,2.5,3.1,381
Etisbew.com Pvt Ltd,3.1,4.1,2,3.4,787
Euclid India Limited,4.7,3.8,3.5,3.8,5355
Euro Info Systems Pvt. Ltd.,4.2,5,3.8,3.9,338
Eutech Cybernetics (India) Pvt Ltd,2.4,4.1,3.1,4.3,194
Excel Infotech Ltd,4.5,3.3,2.9,4.5,246
Exel NetCommerce Ltd,3.8,3.4,2.6,4.5,484
Eximsoft Technologies Pvt. Ltd.,3.9,4.1,3.2,2,218
ExlService.Com (I) Pvt. Ltd.,3.4,4,4.4,2.7,297
EXplora InfoTech Limited,3.6,4.1,2.5,2.1,743
EY India,4.1,3.6,4.3,4.1,231
EZCommerce (India) Limited,4.1,5,4,4.6,465
FCS Software Solutions Ltd,4.1,3.9,2.9,3.8,197
Fil - Flan Systems,3.8,3.6,3.8,5,736
Financial Technologies (India) Ltd.,4.5,3.4,3.2,4.8,31
FireEye,3.9,3,3.5,3.9,469
First Ring I Pvt. Ltd.,4.7,1.7,4.7,4.4,57
Firstware Software Solutions,2.6,2,4,4.7,934
Flipkart,3.8,3,4.1,5,472
Ford Business Service,2.4,3,4,4.4,384
Forensic Analytics,3.7,3,3.3,3.7,463
Forensic Consulting,3.6,2.7,3.4,3.9,104
Forensic Data,3.5,2.9,4.3,3.9,313
Forensic Defense,5,5,4.8,4.9,302
Forensic Dynamics,4.4,5,4.6,4.8,278
Forensic Group,3.6,2.4,4.4,3.4,73
Forensic Inc,4.1,4.5,4.2,4.8,655
Forensic Labs,3,3.4,3.3,3.2,634
Forensic Networks,3.2,2,3.5,3.5,708
Forensic Security,2.4,2,2.6,2.9,736
Forensic Technologies,4,4.1,3.7,4.6,479
Fortinet,2.9,2.8,3.4,2.5,578
Freemarkets Services (P) Ltd,3.2,3.6,3.8,3.1,681
Freshworks Technologies,3.5,2.7,3.2,2.1,57
Friendly Advanced Software Technology (P) Ltd.,5,2.7,3.5,3.2,708
Frontlinesoft Ltd.,4.3,4.8,3.9,3.8,374
Future AI Networks,4,3.9,3.8,4.3,201
Future Analytics,3.7,2.9,3.6,3.5,792
Future Cloud Group,3.1,3.8,2.7,3.4,109
Future Com Networks,3.7,3.7,4,3.6,133
Future Cyber Group,4,3.6,3.6,4.4,11
Future Cyber Innovations,3.4,3.1,3.4,3.5,131
Future Data,3.1,2.8,2.6,2.9,848
Future Data Innovations,4.2,4.6,4.8,4.4,465
Future Dynamics,4.2,4.3,4.4,4.4,857
Future Focus Infotech Pvt. Ltd,5,4.2,5,3.9,118
Future Group,3.8,4.4,4,4.2,797
Future Inc,3.7,3.2,3.8,3.4,787
Future Innovations,3.5,2.7,3.4,3.2,850
Future Labs,2.8,2.5,3.4,3.1,989
Future Link Solutions,2.6,3.5,1.8,3.5,290
Future Networks,3.7,3.7,3.7,3.7,576
Future Security,3.4,4.4,2.7,3.5,105
Future Software,3.5,3.3,3.3,3.1,722
Future Software Limited,3.7,4.6,4.4,4.4,729
Future Solutions,2.9,2.4,3.7,3,757
Future Solutions Ventures,3.1,3.2,3.3,3.9,325
Future Space Innovations,4,4.6,4.9,3.6,342
Future Space Solutions,3.6,4,3.8,3.6,125
Future Systems,4.7,4.2,4.8,4.5,4775
Future Tech,2.9,3,2.7,3.2,70
Future Tech Solutions,3.5,3,3.9,3.9,443
Future Technologies,4.4,3.9,3.9,4,715
G M Infotech & Systems Pvt Ltd,3.5,4.7,3.8,3.1,685
Gamma Software Systems Pvt Ltd,2.3,5,2.6,3.4,655
Ganga Com Solutions,3.2,3.1,2.4,3.4,31
Ganga Consulting Systems,3.7,4.5,4.1,4,50
Ganga Cyber Solutions,4.6,5,4.5,5,262
Ganga Data Innovations,3.4,4.2,3.5,3.3,467
Ganga Data Ventures,3.4,3.1,4.5,3.1,69
Ganga Labs Innovations,4.1,4.9,4.4,5,280
Ganga Services Enterprises,4,4.2,4.1,4.5,66
Ganga Soft Pvt Ltd,3.6,2.7,3.5,3.5,277
Ganga Solutions Ventures,2.7,2.8,2.3,3,333
Ganga Web Solutions,3.8,4.4,4,3.6,226
Gate2Biz Pvt Ltd,3.4,5,4.8,4.2,179
GATI Intellect Systems Ltd,3.3,2.4,3.8,5,104
Gavs Information Service Pvt. Ltd.,3.5,4.6,3.1,4.5,669
GE Capital Services India,5,3.8,3.2,3.6,949
Geine Technologies India Pvt Ltd,4.8,3.2,3.2,4.5,100
Genesis Infotech Solutions Pvt. Ltd.,3.9,3,4.6,4.2,805
Genisys Integrating Systems (I) Pvt. Ltd.,4.2,3.8,5,3.1,380
Genpact India,3.9,5,4.4,3.5,338
Geodesic Information Systems Ltd.,3.4,3.5,2.9,4.2,278
Geometric Software Solutions Company Ltd.,4.1,4.4,3.7,4.1,435
Global Automation India (P) Ltd,4.1,5,3,4.5,77
Global Business Technology Services Pvt Ltd,5,3.7,4,3.8,469
Global Corp,2.8,3.2,2.5,2.7,887
Global Defense,3.2,2,2.8,4,797
Global Dialnet Limited,4.7,3.4,4.4,3.6,428
Global Groupware Solutions,3.6,4.4,3.7,4.1,442
Global Infosystems Ltd,4.9,3.9,3.9,3.1,889
Global IT Services Ltd.,3.5,3.8,2.1,4,409
Global Networks,4.3,4.3,4.9,4.7,136
Global Security,4.2,4.6,4.3,4.1,176
Global Software,3.9,3.5,4.5,3.6,262
Global Software (I) Pvt Ltd,3.5,3.2,2.9,3.9,470
Global Solutions,3.7,3.4,3.8,3.5,284
Global Tech,4.4,4.4,4,4.8,692
Global Tech India Pvt. Ltd.,3.5,3.8,3.1,2.2,38
Global Technologies,3.7,3.2,4.1,4.2,483
Globalsoft Pvt. Ltd.,3.4,4.7,2.3,5,393
Globsyn Technologies Ltd.,3.9,4.5,2.5,3.7,284
Godrej Infotech Ltd,4.2,4.2,4.7,3.4,59
Goenka Infotech Limited,4.1,2.7,5,5,139
Goldstone Technologies Ltd,3.7,2,4.3,5,281
Google,3.4,4.5,2.7,3.1,85
GrapeCity India Pvt. Ltd.,3.5,3.2,5,4.2,33
Growth Compusoft Exports Ltd.,3.8,3.3,4.4,4.5,748
GTL Limited,3.7,4.8,3,4.6,350
Gujarat Informatics Limited,4.3,4.1,4.5,4,239
Gujarat Narmada Valley Fertilizer Company,3.4,3.5,4.5,4.6,17
Gujarat Venture Finance Ltd.,3.7,3.1,4,3.7,483
Gulf Computers Private Limited,4.1,5,3.4,3.7,178
Hamilton Research & Technology Pvt. Ltd.,4,2.7,3.4,3.9,186
Hays Document Management Pvt. Ltd.,3.5,3.4,4.4,3.9,144
HCC Infotech Ltd,4.2,3.6,3.4,4.5,225
HCL,3.4,3.4,2.6,3.5,407
HCL E Serve Technologies Ltd,3.6,3.5,2.7,3.6,372
HCL Infosystems Ltd,2.6,3,2.9,4.5,134
HCL Perot Systems Pvt Ltd,3.3,3.5,4.1,5,368
HCL Technologies Ltd,4.6,3.2,3.8,4.9,109
HCLTech,3.3,5,4.4,3.3,230
Healthscribe India Limited,2.8,2.9,3,3.7,338
Hero Corporate Services Ltd,4.3,4.1,4,4.8,75
Heuristix Systems Pvt Ltd,3.4,4.1,3.5,3.3,367
Hewlett-Packard (India) Software Operations Pvt Ltd,2.6,4.5,2.5,5,11
Hexaware Technologies,4.4,4.4,2.9,4.4,808
Hexaware Technologies Limited,2.8,3.8,4.5,5,654
Himalaya AI Pvt Ltd,4.3,3.4,4.4,4.7,353
Himalaya Labs Solutions,3.9,3.7,4.7,3.8,181
Himalaya Soft Analytics,4.8,5,4.9,5,476
Himalaya Space Group,5,5,4.3,4.8,470
Himalaya Space Ventures,3.1,3.4,2.9,3.7,65
Himalaya Sys Pvt Ltd,3.7,3.1,2.8,4,301
Himalaya Sys Ventures,4.6,4.3,4.6,5,437
Hinduja TMT Ltd,3.1,3.6,3.9,4.1,934
Hiperworld Cybertech Ltd,3.1,3.9,4.7,4.2,809
"Hi-Tech Compucare, Tripura",4.6,4,3.8,4.4,150
HMA STARware Ltd,4.1,4.3,2.9,3.4,197
Holool E-Business Pvt Ltd,3.1,4.1,4,4.3,180
Honeywell India Software Operations Pvt. Ltd.,4.7,4.4,3,3.2,529
HOPE Technologies Ltd.,3.8,3.7,3.7,2.6,668
House of Code (India) Pvt. Ltd.,3.5,3,4.2,4.4,440
Houston Technologies Ltd,4.3,4.8,2.9,2.1,385
HP,3.8,4.4,3.7,3.7,757
HSBC Electronic Data,2.5,5,3.4,3.1,187
HTC Software Development Centre,3.2,3.8,2.9,3.8,214
Huawei Technologies India Pvt Ltd,3.5,2.5,3.3,2.5,440
Hughes Software Systems Ltd,3.2,2.1,4.3,3.3,412
Human Base India Inc.,3.5,3.9,2.3,3.6,353
Hurix Systems Pvt. Ltd.,4.4,4.7,4.8,2.6,970
i2 Technologies India Pvt. Ltd.,4.3,2,3.2,2.8,293
IBILT Technologies Ltd,4.2,4.1,4.6,5,104
IBM,4.1,4,3.6,3.9,597
IBM Global Services IndiaPvt. Ltd.,2.8,1.9,4,3.4,703
IBM India Private Limited,3.3,3.6,4.5,3.7,400
"IBS Software Services (P) Ltd, Trivandrum",3.5,4.7,3.9,4,121
iCelerate Technologies Private Limited,2.7,1.7,4.6,3.6,225
ICICI Infotech Services Ltd.,3.5,5,4.9,3.4,857
ICICI OneSource Limited,3.6,3.2,4.8,3.8,315
Icon Data Management Ltd,4.4,4.4,2.9,4.2,302
iCope Technologies Private Limited,3.5,4,5,5,682
IDBI Intech Ltd Navi,3.7,5,4.7,4.8,68
Ideaspace Solutions Ltd,2.9,3.4,4.4,4.8,420
IDS Infotech Limited,3.5,3.8,3.9,3.8,114
i-flex solutions ltd.,3.5,3.3,3.7,4.5,175
IICE Technologies Ltd,4.3,3.8,3.5,3.9,160
IIS Scientific Computing Ltd,3.7,3.4,3.9,4.4,428
I-Labs Ltd,3.7,2.2,3.6,4.4,289
ILI Technologies Ltd,3.4,4.6,3.7,3.6,390
Impetus Infotech (I) Pvt. Ltd.,4.2,1.7,3.5,4.5,198
"InApp Information Technologies (I) Pvt Ltd, Trivandrum",3.7,5,4.3,5,431
iNautix Technologies India Pvt Ltd,3.2,3.9,4.5,4.3,319
Indchem Software Technologies Ltd,5,3.9,4.3,4.5,262
India Education Centre Softwares Limited,2.9,3,4.7,4.6,797
India Software Group – ISG,4.4,2.2,2.6,4.3,777
Indiafindit.com,4.4,5,4.9,3.9,106
Indian Direct Equity Advisors Pvt Ltd,3.4,2.8,3.8,3.2,553
Indo AI Solutions,4.4,4.6,4.1,5,272
Indo Cloud Enterprises,4,3.8,4.2,4,5454
Indo Consulting Labs,4.7,5,5,5,383
Indo Cyber Analytics,3.8,3.4,4.2,4.2,168
Indo Cyber Group,4.4,4.2,4.2,4.5,380
Indo Labs Ventures,2.7,2.1,3.8,3.1,327
Indo Net Labs,3.8,4.1,2.9,3.9,200
Indo Soft Systems,3.7,4.2,4.5,3.7,409
Indo Space Limited,3.4,3.4,2.8,3.7,265
Indo Web Solutions,3,2.5,3,3.6,58
Indo-Japan Trade Centre Pvt. Ltd,2.6,2.4,3.1,3.8,89
Indo-Pacific Software & Entertainment Ltd,5,3.8,3.1,4.6,188
Indorama Software Solutions Limited,2.2,3,4.9,4.6,26
Indus Asuka Software Pvt. Ltd.,3.4,2.1,3.8,4,460
Indus Business Systems Ltd.,3.5,2.7,4.1,3.2,144
Indus Software Pvt. Ltd.,3,2.9,3.2,4.6,495
Induswork Technologies Pvt. Ltd.,4.1,2.6,1.1,3.8,342
Infinite Computer Solutions (India) Pvt. Ltd.,4,3.9,2.9,4,889
Info Dimensions Business Enterprise Pvt Ltd,3.3,2.4,4,4,826
Info Tech Coropration of Goa Ltd,5,4.9,3.1,5,262
Infoedge Solutions Pvt. Ltd,4.2,3.1,3.1,4.4,152
Infogain India (P) Ltd.,5,3.2,4.5,4.1,206
Infolog Solutions (P) Ltd,4.2,5,4.4,4.2,66
Information Technologies (India) Limited,4.1,4.2,3.9,3.8,457
Information Technology Park Ltd.,3.8,3.9,5,4.5,888
Infosys,3.1,4,2.9,4.2,415
Infosys Limited,2.2,4.3,4.7,4.4,947
Infosys Technologies Ltd.,4.1,3,4.7,4.5,518
Infotech Enterprises Ltd.,4,3,4.7,4.9,175
Infotech Financials Pvt Ltd,4.6,5,4.7,2.8,172
Infotek Software & Systems Pvt Ltd,3.1,2.3,3.8,5,72
Infovision Software Pvt. Ltd.,5,2.9,3.7,3.1,615
Infowavz International Pvt. Ltd.,4.4,4.3,5,4.1,464
Infozech Software (P) Ltd.,3.5,3.8,4.8,3.6,588
InfraSoft Technologies Limited,4.1,4.1,3.3,3.6,745
Ingram Micro India,4.6,3,3.9,3.1,404
Innovate Analytics,3.8,3.8,3.5,3.7,370
Innovate Data,3.6,3.8,3.9,3.4,252
Innovate Group,4.3,3.7,4.3,4.6,302
Innovate Inc,4.3,5,4.9,5,565
Innovate Innovations,2.5,2.8,3.4,2.8,95
Innovate Labs,4.1,3,4.6,3.7,466
Innovate Solutions,3.9,4.2,4.2,3.8,894
Innovate Systems,2.9,2.9,2.9,3.1,875
Innovate Tech,4.7,4.8,5,5,293
Inox Global Services Ltd,4.6,2.1,3.1,4.7,348
Insoft.com Pvt Ltd,3.6,2.4,4.2,4.3,619
Inspira Technologies Pvt. Ltd.,3.3,3.6,4.8,4,200
Institute of Chartered,5,5,3.3,3,247
Intec Interface GM Pvt Ltd,4.6,3.6,2.5,2.8,302
Integra Micro Systems (P) Ltd,4.8,4.7,3.8,4.4,114
"Integra Software Services Private Limited, Pondicherry",4.6,4.4,3.4,3.7,902
"Integrated Computing Environments Ltd., Trivandrum",4.3,5,3.4,4.9,547
Intel,4.3,3.8,4.8,4.2,386
Intel Asia Electronics Inc.,3.1,3,4.3,5,557
Intellicon Pvt Ltd,4.1,5,3.2,2.6,302
Intelligent Information Systems Pvt Ltd,3,3.3,4.8,3.1,992
Intelligroup Asia Pvt. Ltd.,3.5,3.4,4,3.5,970
Intelsys Software & Consultants Pvt. Ltd.,2.8,4.1,5,4.1,109
InteQ Software Limited,4.1,4.9,2.9,3.7,361
Interglobe Technologies Pvt Ltd,2.9,4.5,2.7,3.7,31
Intergraph Consulting Private Limited,3.7,4.7,2.5,3.6,445
Intermedia Interactive Solutions Ltd,3.8,2.7,4.2,3.6,75
Internet Trends (India) Pvt Ltd,3.3,2.7,1.6,2.6,358
Interra Software (India) Pvt. Ltd.,4.3,4.1,4.2,4.3,746
Intertech Resources Ltd,3.8,5,3.9,3.9,142
Inter-Tech Systems Pvt. Ltd.,2.7,4,3.8,4.3,346
Intiqua India Limited,3.7,5,3.1,2.6,733
Intrasoft Technologies Pvt. Ltd.,3.7,3.3,2.6,4.4,446
Investment Research & Information Services Ltd,3.8,3.6,2.7,3.4,399
IOL Technologies Pvt Ltd,4.5,5,4.9,5,982
IonIdea Enterprise Solutions Pvt Ltd,3.2,4.4,3.5,3.5,686
IonIdea Interactive Private Limited,3.4,5,4.1,3.4,278
iS3C Consultancy Services Ltd.,4,4.2,3.4,4.6,374
iSeva Systems Pvt Ltd,3.5,4.8,2.4,3.6,432
IT Microsystems (India) Ltd,4.1,3.2,4.5,4.5,415
IT Solutions (India) Pvt. Ltd.,2.9,2.8,4,4.3,206
IT&T Limited,5,3.2,4.2,2.9,225
ITC Infotech India Ltd,4.9,4.1,3.7,4,306
iTouchPoint Technologies Private Limited,4.8,4.3,3.4,2.3,686
ITTI Limited,5,5,3.7,4.5,797
Ivega Corporation,3.8,4,3.5,3.6,344
"IVL India Pvt. Ltd., Trivandrum",2.7,3.8,4.8,2.7,343
IVUS Software Development Centre Pvt. Ltd.,4.3,4.5,5,4,466
Jal Com Analytics,4.1,3.6,4.4,3.9,225
Jal Hub Group,2.8,2.7,2.5,3,225
Jal Hub Labs,3.2,2.9,3.2,3.6,47
Jal Labs Ventures,4.8,5,5,5,160
Jal Net Systems,3.9,3.1,4.7,4.6,499
Jal Services Technologies,5,4.7,4.7,5,440
Jal Tech Ventures,3.3,3.2,2.8,3.4,57
Jal Web Group,3.2,3.9,3.9,3.3,338
Jal Web Pvt Ltd,4,4.1,4,3.7,455
Jay Instruments & Systems Pvt Ltd,3.2,2.7,4.9,4.7,359
JK Technosoft Ltd,4.5,3.5,4.9,2.6,755
Jopasana Software & Systems Pvt Ltd,3.5,4.5,4.9,4.3,966
JP Mobile (India) Limited,4,4.1,3.5,5,146
JP Morgan Services India Pvt. Ltd.,3.6,3.3,3.5,5,513
Juno Online Services Development Pvt. Ltd.,2.6,3.8,4,3.2,306
Juspay,4.4,2.6,4,5,547
Kala Info Solutions,3,3.2,3.2,3.2,118
Kala Sec Networks,2.3,1.9,2,2.6,79
Kala Sec Technologies,4.6,5,4.7,5,368
Kala Services Enterprises,5,5,4.7,4.8,482
Kala Solutions Labs,3.8,3.9,3.6,4.3,150
Kala Sys Systems,4.6,4.8,4.9,5,499
Kala Tech Innovations,2,1.1,2.4,2.2,179
Kale Consultants Pvt. Ltd.,4.1,4,4.5,2,151
Kals Information Systems Ltd,3.5,3,3.8,4.2,132
Kanbay Software (India) Pvt. Ltd.,3.7,5,2.9,5,886
"Kaneriya Technologies Limited, Valsad",3.9,4.9,4,3.5,365
Karvy Consultants Ltd,3.4,2.4,3.4,4.5,28
Kaytek Computer Services Pvt. Ltd.,3.5,4,2.5,1.8,89
KCC Software Ltd,3.1,3.1,2.2,4.2,251
Keane India Ltd,4.2,3,3.8,5,852
Kejriwal Computers Limited,5,4.4,4.3,3.1,313
Kernex Micro Systems (India) Ltd.,3.2,4.4,3.8,3.6,58
Kirloskar Computer Services Ltd.,5,2.6,4.5,2.2,484
KLG Systel Ltd.,3.5,3,4.2,4.3,118
KMG Infotech Pvt Ltd,4.6,4.3,4.6,5,5571
KPIT Infosystems Limited.,5,2.2,3.4,4,585
KPIT Technologies,3.2,3.5,4.1,3.4,350
KPMG India,3.4,3.7,4.2,3.8,29
Krupp Industries India Ltd.,2.9,4.6,3.1,5,313
Kurade I - Net Pvt.Ltd,4.9,2.7,3.4,4.6,170
Labh Software Pvt Ltd,3.4,3.1,2.6,3.7,358
Lambent Technologies Pvt Ltd,3.7,3,3,3.5,73
Lanco Global Systems Limited,2.8,3.1,3.3,5,306
Landmark Infotech Systems & Solutions Pvt Ltd,2.2,2.5,4,4.8,594
Larsen & Toubro Infotech Limited,3.1,2.7,3.1,4.2,109
Laser Soft Infosystems Ltd,4.8,4.1,3.8,3.6,105
Lateral Software Technology Pvt Ltd,4.5,3.9,4.8,4,123
Lawkim Ltd (ITES Division),2.5,4,3.3,3.8,348
Lee & Nee Softwares (Exports) Ltd.,4.4,4.5,3.4,5,129
Lenovo,3.4,4,4.1,3.9,772
Leo Infotech (P) Ltd.,3.5,4.1,3.4,3.3,396
LG,4.2,4.3,3.8,4.6,610
LG Soft India Pvt. Ltd.,3.7,3.4,3.6,3.5,597
Linc Software Services Pvt. Ltd.,4.1,3,2.8,3.6,5775
Lipi Infosoft Limited,4.7,3.8,3,3.1,321
Live Tech Solutions (P) Ltd,3.3,4.6,4.7,3.6,405
Logica Pvt Ltd,3.8,3.1,3.1,4.8,318
Logicsoft International Pvt Ltd.,4.1,5,3.4,4.9,333
Login Infotech Private,4.1,3.3,4.3,4.5,411
LTIMindtree,3.3,4.2,3.6,2.9,473
Lucent Technologies India (P) Ltd.,3.7,2.6,5,4.2,151
Lucid Technologies Pvt. Ltd,5,4,4.9,3.7,252
"MA Softech International Ltd, Bhopal",2.6,2.7,4.8,3.7,218
Macil Infosystems (Pvt) Ltd,4.4,2.7,4.9,3.3,557
Madhu Intra Ltd,4,3.7,2.8,2.7,686
"Madhya Pradesh Agency for Promotion of Information Technology, Bhopal",3.2,3.4,4.6,3.9,372
"Madhya Pradesh State Electronics Development Corporation Ltd., Bhopal",4.3,3.5,3.5,4.1,372
Magic Software Pvt. Ltd.,4.1,4.9,3.2,4,661
Maharashtra Industrial Development Corporation,4,4,5,1.9,374
Maharashtra Institute of Advance Electronics & Comp Tech (P) Ltd.,3.7,3.4,5,5,103
Mahindra British Telecom Ltd.,4.1,4.1,2.9,1.8,125
Mahindra Consulting Ltd.,4,4.2,2.7,3.5,280
Majoris Systems Pvt. Ltd.,3.2,3.6,3.3,4.6,982
Manjushree Infotech (IT - Divi. Of Manjushree Plantation),4.1,4,4.1,3.2,523
Marble Infotech Ltd.,3.8,3,3.3,4.8,561
MASCON Global Limited,5,3.3,3.2,4.6,230
Mascot Systems Ltd.,5,3,4.6,3.7,911
"Masibus Process Instruments (P). Ltd., Gandhinagar",3.6,2.6,4.5,3.6,343
Mastek Limited,3.5,3.9,4.9,5,374
MASTEK Ltd.,3.5,2.8,3.6,5,421
Max Ateev Limited,3.6,4.7,3.5,4.6,178
McKinsey & Company Inc.,3.2,4.1,3.4,3.8,783
"MECON Limited, Ranchi",4.3,4.5,3.8,3.7,154
Medical e-Commerce Solutions Pvt Ltd,3.8,4.6,5,3.8,326
Medicom Solutions (P) Ltd,3.7,2.6,2.5,3.4,407
Meesho,3.4,3.2,4,5,172
Megasoft Limited,3.4,4.3,4.4,4.5,139
Melstar Information Technologies Ltd,3,5,4.9,4.5,281
Mentorix Learning Technologies Pvt. Ltd.,4.3,3.7,3.9,5,415
Meru Convergent Technologies Pvt Ltd,3.5,4,3.5,4,144
Meta,3.5,3,2.7,3.6,617
Micro Informations Pvt Ltd,4.3,2.7,4.7,3.8,57
Micro Technologies (India) Ltd,3.6,2.9,3.4,4,767
Microsoft,3.8,3,4.1,3.6,734
Microsoft Corporation (I) Ltd.,5,2.9,4,3.8,472
Microsoft India,3.4,4.4,3.4,4.5,802
Microsoft India (R&D) Pvt. Ltd.,4,4.2,4.1,4,591
Milcom Software,5,4.4,4.9,4.2,365
Millenium Information Systems Limited,3.8,3.6,3.6,3.7,473
Mindmill Software Ltd,3.1,3.6,3.3,3.7,415
Mindteck (India) Ltd,4.7,3.8,4.2,4.6,212
MindTree Consulting Pvt.,3.8,5,3.8,3.8,557
Mindtree Limited,4.1,5,3.2,5,290
Minerva Telelink Pvt.Ltd.,2.6,3.3,4.9,4.6,163
"Mizoram Information Technology Society, Aizawl",3.4,4.3,3.3,3.2,557
ML Infomap Pvt. Ltd.,3.9,4.4,5,2.5,970
Momentum India Private Limited,3.2,3.8,3.7,4.7,160
Motech Software Pvt Ltd,2.6,2.2,3.1,3.2,668
Motorola India Electronics Private Ltd.,4.8,2.3,3.8,3.3,687
Mphasis BFL Ltd.,3.7,1.7,3.5,3,337
Mphasis Limited,4.2,4.7,4.7,3.6,292
MTC (India) Pvt. Ltd.,3.5,4.6,3,3.5,193
Mukesh & Associates,3.1,3.5,2.9,5,386
Myntra,3.4,4.2,2.9,3.8,799
N Y Dox Services Ltd,4.1,4.6,3.7,3.1,365
National Institute of Fashion Technology,4.3,4.4,3.3,4.7,285
NatureSoft Private Limited,4.4,3.7,3.9,3.8,239
Navayuga Infotech Pvt. Ltd.,4.4,3.6,3.3,4.6,209
Navision Software India Pvt Ltd,3.8,2.2,4.4,3.9,440
Neco Infotech,3.6,3,3.6,4.3,432
NeilSoft Limited,4.3,2.7,4.2,4.6,304
Nelco Limited,4.3,2.9,3.9,3.8,132
Nelito Systems Limited,3.8,4.1,2.3,3.2,30
Neptune Information,3,4,4,4.4,757
Net Brahma Technologies Pvt Ltd,3.8,5,5,3.7,279
Net Edge Computing Solutions Pvt Ltd,3.8,3,3.4,3.1,797
Net Solutions,3.8,4.6,3.3,4.3,306
Net4India Ltd,4.2,3.9,4.4,3.1,201
Netaquila Solutions Pvt Ltd,3.7,4.2,2.8,4.6,615
NetBusiness Solutions (India) Ltd.,3,4,4.2,4.5,231
Netdecisions Pvt Ltd,2.8,4.7,3.8,3.3,58
Netflix,3.9,4.4,3.4,3.3,303
Netkraft Private Limited,4.5,3,2.9,3.4,320
NetraScribe Pvt. Ltd.,4,2.8,4.8,4,206
Network Associates Software Pte Ltd,4.5,4.2,3.6,3,500
"Network Programs (India) Ltd., Noida (UP)",4.4,2.7,4.9,4.5,292
"Network Systems & Technologies (P) Ltd., Trivandrum",4.3,3.2,5,3.4,160
Neural Consulting,3.6,3.6,3.8,4,591
Neural Corp,4.1,4.3,4.4,4.3,424
Neural Data,3.4,3.3,2.6,3.6,166
Neural Defense,4,3.4,3,4.4,376
Neural Dynamics,3.3,3.9,4.6,3.5,682
Neural Labs,4.1,4.1,3.7,4,846
Neural Networks,4.8,4.5,4.8,5,5457
Neural Security,3.8,3.7,4.7,4,374
Neural Solutions,2.7,2.8,2.1,2.3,649
Neural Tech,4.3,5,4,4.1,293
Neural Technologies,3.5,3.7,3.4,3.6,453
Newgen Imaging Systems (P) Ltd.,4.5,4.9,3.7,4.5,50
Newgen Software Technologies,4,2.6,3.4,5,543
Newgen Software Technologies Ltd.,4.9,5,4.8,3.4,251
NexGenix (India) Pvt Ltd,3.5,3.5,4.5,3.9,390
Next Cloud Limited,3.5,4.4,4.2,3.8,230
Next Com Ventures,4.5,3.1,5,4.2,348
Next Services Ventures,3.2,4.1,3.3,2.9,57
Next Sys Pvt Ltd,4.2,4.3,4,4.6,103
Next Web Analytics,3.4,2.3,2.8,2.8,220
Next Web Solutions,5,3.9,4.7,4.9,205
NextBrick Solutions Limited,4.7,3.1,4.2,2.4,278
NextGen Analytics,4,4.8,4.5,4.5,729
NextGen Consulting,3.9,4.3,4,4.8,386
NextGen Corp,4.7,4.8,3.9,4.6,588
NextGen Data,3.6,3.8,3.6,3.4,817
NextGen Defense,4.1,3.5,4.2,4.6,529
NextGen Dynamics,4.9,4.4,5,5,193
NextGen Innovations,3.4,4.1,3.1,4.2,783
NextGen Networks,3.2,3.9,2.4,3.6,635
NextGen Software,3.4,3.3,3.9,2.6,774
NextGen Solutions,5,5,5,5,175
NextGen Systems,3.1,2.3,3.4,3.1,964
NextStep Infotech Pvt Ltd,3.2,2.7,3.3,4.4,668
Nexus AI Networks,2.9,2.7,3.5,3.3,241
Nexus Analytics,3.2,2.2,2.9,3.6,746
Nexus App Enterprises,4.1,4.3,4.4,4.2,350
Nexus Consulting,4,3.5,4,4.1,358
Nexus Corp,2.8,3.3,2.3,3.5,319
Nexus Data,3.9,4,3.4,4.2,186
Nexus Data Enterprises,3.4,2.9,3,3.9,371
Nexus Defense,3.8,4.4,4.4,3.7,121
Nexus Dynamics,2.9,2.4,2.5,3.3,445
Nexus Group,4.3,5,3.6,4.1,31
Nexus Hub Limited,3.5,2.8,4.2,3.6,128
Nexus Info Innovations,2.2,3.3,1.8,2.6,29
Nexus Info Limited,4.4,4.5,5,4,544
Nexus Link Innovations,4.3,3.9,4.2,3.7,339
Nexus Net Networks,4,3.7,4.5,3.9,299
Nexus Net Systems,3.7,3.9,4.7,3.7,335
Nexus Security,3.4,3.2,3.3,3.6,278
Nexus Services Innovations,4.3,3.2,3.9,4.6,356
Nexus Services Limited,3.4,4.2,3,3.4,323
Nexus Software,2.8,2.7,2.8,2.5,758
Nexus Solutions,4.9,5,5,4.3,784
Nexus Solutions Ventures,3.3,3.8,3.8,2.9,33
Nexus Systems,3.7,3.8,4.1,4.4,654
Nexus Technologies,3.1,2.7,3.4,4.2,776
Nihilent Technologies Pvt Ltd,4.8,4.1,3.5,3.5,166
NIIT Ltd.,2.3,3.4,3.8,2.6,356
Nilgiri App Labs,4.5,4.2,5,5,470
Nilgiri Com Group,3.5,2.3,4.6,4.1,214
Nilgiri Labs Enterprises,4.3,3.6,4.6,4,165
Nilgiri Space Technologies,3.5,4.7,4.5,3.8,98
Nilgiri Web Pvt Ltd,3.4,3.6,2.9,2.7,177
Nilgiri Works Technologies,3.9,3,4.2,4.4,247
Nirman Consulting Solutions,4.2,4,4,4.5,188
Nirman Hub Innovations,4.3,4.3,5,4.4,163
Nirman Info Group,2.4,1.8,3,2.5,361
Nirman Services Enterprises,4.2,4.7,4.8,4.9,461
Nirman Space Enterprises,3.9,2.6,4.4,4.3,144
Nirman Tech Analytics,3.8,3.8,3.9,4.1,151
Nirman Tech Group,4,3.7,4.1,3.9,105
Nirman Tech Solutions,3.3,3.3,3.1,3.5,411
Nokia Telecommunications Pvt. Ltd.,3.8,3.6,4.8,4.1,875
Novell Software Development (I) Ltd.,4,3.6,3,3.5,216
Novellus Systems (India) Pvt Ltd,4.5,2.7,3.6,3.5,621
NSE.IT Ltd.,4.1,3.4,4,5,225
Nucleus Software,4.6,4.4,2.4,3.3,545
Nucleus Software Exports Pvt. Ltd.,3.4,4.7,3,4.2,370
NuMark Software Pvt. Ltd.,4.4,5,4.1,3.6,512
Numen Technologies Pvt Ltd,3.5,4.1,4.1,3.5,551
Nunet Technologies Pvt. Ltd.,4,3.2,4,2.6,476
Nvidia,4.1,5,4.7,4.4,178
OCL Infomatics Ltd.,4.1,3.2,3.3,3.2,875
Ola Electric,2.9,5,3.8,4.9,97
Omega Interactive Technologies Ltd.,3.7,3.4,4.2,3.1,412
Omega Net India (P) Ltd,4,2.8,4.6,5,617
Omnesys Technologies Pvt Ltd Specialisation: Location:,3.7,1.8,4.3,4.8,405
one two three india.com,3.4,3.4,4,4.5,552
ONICRA Credit Rating Agency of India Ltd,3.7,3.9,3.4,4.3,414
Onward Novell Software (I) Ltd.,3.8,4.2,4,2.4,146
Onward Technologies Limited,3.8,4.3,2.9,4.5,278
Opusasia Technologies Pvt. Ltd,4.6,3.9,3.4,3.9,384
Oracle,3.8,3.4,3.6,4.2,223
Oracle India Private Limited,3.3,2.2,3.8,5,209
Oracle India Private Limited.,3,2.2,5,3.6,306
Oracle Solution Services (India) Pvt Ltd,4.3,3.5,4.5,5,875
Oramasters Software India Pvt Ltd,3.8,2.7,4.3,3.5,849
OrbiTech Solutions Limited,3.6,5,3.8,4.2,252
Orient Information Technology Ltd.,3.1,3.4,5,4.9,446
Oyster Software Solutions,3.7,4.8,3,4,66
Paharpur Business Centre,4.2,2.4,3.3,4.9,81
"Paladion Networks Pvt Ltd, Navi",3.7,2.1,3.4,4,772
Palantir,3.4,2.9,3.3,3.8,464
Palo Alto Networks,4.6,4.7,4.3,5,241
Pan Business Lists Pvt Ltd,4.1,3,3.6,4.5,547
Panasonic,3.7,3.4,4.8,4.1,755
PAR Computer Sciences (Intl.) Ltd.,3.8,3.2,4.4,2.4,994
Parabola Technologies Pvt. Ltd,4.3,4.5,3.9,4.3,391
Paragon Solutions (I) Pvt. Ltd.,3.7,3.9,2,3.2,276
Parametric Technology Research & Development (India) Limited,3.5,4.8,4.7,3.1,974
Paramount Informatics (India) Pvt. Ltd.,4.9,4.5,3.4,3.6,434
Parsec Technologies (India) Ltd.,5,4.7,3.4,4.9,295
Patni Computer Systems Ltd.,3.5,4.4,2.7,3.5,575
Paytm,3.9,3.3,4.6,3.2,301
Pentamedia Graphics Limited,4.2,4.6,4.6,3.7,37
Pentasoft Technologies Limited,4.3,4.6,4.9,4.1,708
Perisol Technology (India) Pvt. Ltd.,4.6,3,3,3.9,170
Persistent Systems,3.1,4.7,4.1,3.4,406
Persistent Systems Pvt. Ltd.,3.2,4.4,4.3,4.7,829
PG Softech Limited,3.5,2.8,4.7,3.3,357
Philips Software Centre Pvt. Ltd.,3.5,2.9,1.7,4.4,757
Phoenix Global Solutioins (India) Pvt. Ltd.,4,4.6,2.6,3.2,557
"Phoenix IT Solutions Ltd., Vizag (A.P.)",4.6,3.9,4.2,3.4,212
PhonePe,3.7,4.8,3.3,3.6,172
Pioneer Consulting,3.7,4.2,3.6,4.5,154
Pioneer Corp,3.7,4.3,4.4,4.5,806
Pioneer Dynamics,5,4.7,5,4.7,181
Pioneer Group,3,2.5,3.1,4.4,930
Pioneer Inc,4.7,4.6,5,5,521
Pioneer Networks,4,4.3,4.2,4.6,492
Pioneer Security,3.5,3.5,3.3,3.4,615
Pioneer Software,4.9,3.7,4.5,5,758
Pioneer Systems,4.9,3.8,4.8,4.7,410
Pipal Solutions (India) Pvt. Ltd,3.6,4.6,2.9,4,370
Planet PCI Infotech Ltd,3.3,3.7,5,3.9,758
PlanetAsia.com Limited,3.7,5,3.2,5,241
Polaris Software Lab Ltd,3.6,3.3,4.4,3.7,434
Postman,3.2,2.7,3.1,2.8,599
Power-com Technologies (P) Ltd,3.2,3.7,2.9,5,589
Powersolv India Pvt. Ltd.,4.1,2.8,3.6,3.7,278
Pradot Technologies Pvt. Ltd.,2.8,3.7,3.6,3.7,57
Pragati AI Solutions,3.2,3.6,3.3,3.8,181
Pragati App Solutions,4.4,4.1,4,4.9,397
Pragati Cloud Limited,3.5,3.3,3.3,3.7,196
Pragati Cyber Limited,3.8,3.8,4.4,4.5,431
Pragati Hub Limited,4.3,4.2,4.4,5,247
Pragati Sec Limited,4.1,4.3,3.9,4.5,59
Pragati Solutions Technologies,4.6,5,4.5,4.7,105
Pragati Space Innovations,2.1,1.4,2.6,3,399
Pragati Sys Innovations,4,3.6,3.7,4.5,279
Pragati Sys Networks,4.8,5,4.8,4.6,231
Pragati Tech Limited,3,3.2,2.5,3.1,77
Pragati Works Networks,4,3.6,3.6,4,247
Pramati Technologies (P) Limited,4.2,3.6,3.2,3,204
Premier Technology Group Pvt. Ltd.,2.2,5,4.1,3.9,58
PricewaterhouseCoopers Software Pvt. Ltd.,3.3,3.7,4,4.3,410
Primark India Pvt. Ltd.,3.5,5,2.9,2.7,17
Princeton Software Exports Pvt. Ltd.,3.8,3.8,4.7,3,134
Progressivexperts Infolabs India Pvt Ltd,4,2,3.8,4,372
Prologic First India Pvt Ltd,3.4,2.5,2.6,4.2,443
Prologix Software Solutions Pvt. Ltd.,3.1,2.3,3.9,3.4,425
Pronet Systems Ltd.,3.3,2.9,3.4,4.9,295
Proton Solutions Limited,3.8,4.5,2.6,4.3,214
PSI Data Systems Ltd.,3.6,4.3,4.2,4,715
Publicis Sapient India,3.8,3.7,2.6,4,179
PwC India,2.9,3.6,3,4.1,463
"Pyxis Technology Solutions Ltd, Vishakhapatnam",4.1,2.6,3.9,4.7,214
QAI (India) Limited,3,3.8,3.1,3.5,135
Quadrant Infotech India Pvt. Ltd.,3.9,3.1,4.4,4.7,996
Quantum Analytics,3.7,3.6,3.8,4.7,114
Quantum App Analytics,3.6,4.3,3.6,4.3,344
Quantum Consulting,4.3,5,3.8,5,791
Quantum Data,3.7,3.2,3.4,4.1,338
Quantum Defense,4,3,3.9,4.7,349
Quantum Dynamics,5,4.5,5,4.5,523
Quantum Group,1.9,1.8,1.1,1.9,684
Quantum Inc,3,3.4,2.7,2.7,512
Quantum Information Systems Ltd,3.6,2.9,3.1,4.2,97
Quantum Innovations,3.3,3,3.2,3.2,187
Quantum Link Analytics,3.2,3.5,2.9,2.8,42
Quantum Security,4.3,4.6,4.2,4.4,212
Quantum Services Technologies,3,2.4,2.6,3.6,253
Quantum Softech Limited,3.5,5,3.7,3.4,125
Quantum Solutions,2.5,2,2.6,3.4,754
Quantum Sys Systems,3.3,2.5,3.7,3.8,488
Quantum Systems,2.8,2.4,2.4,3,140
Quest Syscon International Pvt. Ltd.,3.5,3.2,5,3.3,338
Quick Heal Technologies,3.7,5,2.9,4.3,365
R C S Technologies,3.4,3.2,3.1,3,654
R M Software India Pvt. Ltd.,4.1,5,2.9,2.8,26
R S Software (India) Ltd.,3.5,2.5,4.3,3.9,126
R Systems International Limited,4.8,4.1,2.9,3.6,146
Rabo India Finance Pvt Ltd,5,3.7,4.6,4.6,154
Rajasthan State Agency For Computer Services,2.5,3.9,2.9,4.3,61
Ram Informatics Ltd.,4.1,3.5,5,4,81
Ramco Systems Ltd,4.1,3.6,2.5,4.4,186
Rapid Effect Pvt Ltd,4.3,3.4,3.7,4.5,826
Rational Software India Pvt Ltd,4.8,4.6,2.5,3,226
Rave Technologies (India) Pvt Ltd,4.3,3,4.4,3.7,445
Razorpay,4,2.7,4.2,4,124
Realtime Techsolutions Pvt. Ltd.,3.1,2.3,3.3,3.5,597
Rebus Software Pvt. Ltd.,2.8,2.8,4.8,4,543
Red Hat,3.7,3.6,3.4,3.7,5717
rediff.com India Limited,3.9,4.1,2.9,3.6,484
Reliable Web Solutions Pvt. Ltd.,5,5,3.9,4.9,34
RelQ Software Pvt Ltd,2.4,2.3,3.8,3.8,722
Repro India Ltd.,4.5,4.1,3.5,3.1,783
Reservation Data Maintenance (India) Pvt. Ltd.,4,4.1,3.1,4.7,265
Resonance Technologies (P) Ltd.,4.2,3.8,4.6,4.2,344
RICO Softech Ltd,4,5,5,3.9,124
RIICO Ltd,4.3,2.8,5,3.6,21
Rishabh Software Pvt Ltd,3.5,4.5,5,3.6,326
River Run Software Group,3.7,4.7,3,4.7,10
Robert BOSCH India Limited,4.4,3.6,3.1,5,787
Rolta India Ltd.,4.3,3.9,3.2,4,335
Ruksun Software Technologies Ltd.,4.2,2.7,3.2,5,134
S G Martin Infoway Ltd.,3.7,2.9,4.5,4.8,193
S P Software Technologies (I) Pvt. Ltd.,4.2,3.6,2.7,4.9,483
Saba Software India Pvt Ltd,4,4.8,5,4.1,65
Saiinfo Ltd,3.9,3.9,3.4,3.4,589
Sak Infotech Limited,4.3,3.4,4.6,3.1,325
Salesforce,3.6,3.9,3,3.8,976
Sampatti.com Limited,3.4,3.1,2.8,3.9,155
Sampoorna Matchjobs.com Pvt Ltd,3.6,3.4,2.2,4.3,553
Samsung,3.2,3,2.8,2.8,621
Samsung Electronics India Software Operations (SISO),4.2,3.3,4.7,3.1,497
Samsung SDS Co. Ltd.,4.2,5,3.8,3.7,473
Samsung SDS Infotech Pvt Ltd,2.9,4.1,2.4,3.1,846
Samtech Infonet Ltd,4.4,3.1,3.6,4,808
Samyak Infotech Pvt. Ltd.,3.3,3.3,4,3.3,172
Sanchez Capital Services Private Limited,4,3.4,4.2,2.8,445
Sankhya Infotech Ltd,3.5,3.8,5,2.8,33
Sanyo LSI Technology India Pvt. Ltd.,2.1,4.3,2.3,5,736
SAP,5,3.6,4.1,5,337
SAP India Pvt. Ltd.,3.8,3,4,5,109
Sapient Corporation Pvt Ltd,3.5,4,4,3.1,668
Sapphire Callnet Pvt Ltd,3.4,2.4,4.5,4.8,722
Sar Softech Pvt Ltd,3.4,2,2.9,3.6,172
Sara Infotech Pvt Ltd,4.4,2.8,5,4.4,165
"Sarla Technologies, Navi",3.6,4.5,2.9,3.6,959
SAS Global Services Pvt. Ltd.,3.9,2.7,3.3,4.6,685
Sasken Communication Technologies Limited,4,3,3.7,3.7,73
Satpura AI Labs,2.6,2.2,3.2,2.4,197
Satpura AI Limited,3.6,2.6,2.9,3.3,375
Satpura Cloud Enterprises,4.2,4.6,4.6,4.4,251
Satpura Com Networks,3,2.5,3.4,3.6,300
Satpura Consulting Analytics,4.4,5,4.9,4.3,23455
Satpura Data Networks,3.5,4.6,3.6,4.3,10
Satpura Labs Solutions,2.6,1.7,3,2.9,235
Satpura Net Enterprises,3.1,3.3,2.6,3.6,457
Satpura Sec Group,2.6,2.1,2.9,2.5,359
Satpura Sec Pvt Ltd,3.1,3,3.8,3.4,432
Satpura Space Innovations,3.8,4.4,3.5,3.9,38
Satpura Space Solutions,1.9,2.1,1.6,2.1,408
Satpura Web Labs,3.8,4.3,3.6,3.8,19
Satya Infosoft Pvt Ltd,3.5,4.3,3.3,2.3,194
Satyam Computer Services Ltd.,3.5,3.9,3.2,3.2,194
Saven Technologies Limited,3.7,4.4,5,4.7,889
"Savex Softech Pvt.Ltd.,:",3.2,3.3,1.9,4.5,121
SCM Microsystems (India) Pvt Ltd,4.4,3.7,3.4,5,105
Score Information Technologies Ltd.,4.2,3.8,2.9,5,226
SDRC India Pvt. Ltd.,2.1,4.9,4.5,3.9,437
Searchlight India Ltd,2.8,2.6,3.6,3.5,456
Secure Analytics,4.8,3.3,4.7,5,164
Secure Corp,4.7,4.5,5,4,981
Secure Data,3.6,4.3,2.9,2.5,209
Secure Defense,2.8,3.2,2.5,3,767
Secure Group,3.8,2.9,3.8,4.7,339
Secure Innovations,2.2,3.1,2.5,2.3,442
Secure Labs,4.3,5,3.8,4.9,410
Secure Security,4.4,4.9,4.8,5,84
Secure Software,3.6,4.4,3.1,3.6,640
Secure Tech,3.5,4,2.3,3.3,873
Secure Technologies,3.4,3.9,3.1,4.2,356
SeE Consulting Pvt. Ltd.,4.6,3.7,4.2,4.3,160
SEEC Technologies Asia Private. Limited.,3.4,4.1,5,3.4,668
Selectronic Equipment & Services Pvt. Ltd.,3.6,3.4,4.1,5,304
Semaphore Soft Pvt Ltd,2.8,2.7,4.1,3.3,414
Servion Global Solutions Ltd,4.8,3.8,4,3.5,280
Shapre Global Info Services Limited,4.4,3.9,4,3.9,356
Shoghi Communications Pvt ltd,3.5,4.4,5,3.5,635
Shyama Software Solutions (I) Pvt Ltd,4.7,2.6,4,4.8,333
Siemens Information Systems Ltd.,4.4,2.5,4.6,3.6,293
Siemens Public Communications Network Ltd.,4.9,4.3,4.9,2.5,342
Siemens Shared Services India Pvt Ltd,3.1,3.2,3.3,5,226
Sierra Optima Ltd.,4.3,3.4,4.3,3.3,218
Sify Technologies,3.7,3.4,2.6,3,172
Silver Valley Communications Ltd,5,3.3,4,4,47
Silverline Technologies Ltd.,3.6,3.6,3.3,3.3,100
Simplysoft Technologies Pvt Ltd,3.4,3.6,2.5,3.7,723
SIP Technologies & Exports Ltd,3.9,4.5,2.7,3.4,889
Siri Technologies Private Limited,2.4,3.3,3.8,4.1,499
Sitel India Pvt Ltd,4.1,4.3,3.5,2.8,181
Skyline e-tech,3.1,3.6,1.6,3.2,132
Skytech Solutions Pvt Ltd,4,3.9,5,2.5,733
SLK Software Services Pvt Ltd,3.1,3.4,2.7,3.4,325
SLM Soft India Pvt Ltd,3.9,3.3,4,3.7,79
SM Telesys Ltd,2.9,3.8,5,3.7,481
Smart App Solutions,4.9,3.5,4.4,4.7,350
Smart Com Networks,4.2,4.2,3.9,4.6,265
Smart Consulting,3.7,4.4,4.2,3.7,589
Smart Corp,2.5,2.6,2,2.1,193
Smart Data,4,4.4,3.4,4.4,244
Smart Dynamics,2.8,2.5,2.3,2.5,473
Smart Group,4.5,4.5,4.4,4.3,974
Smart Hub Group,4.3,3.8,4,4.6,357
Smart Hub Pvt Ltd,4.6,4.6,4.5,5,323
Smart Inc,3.8,4.3,3.3,3.8,190
Smart Labs,3.3,3.2,3.9,2.8,285
Smart Net Innovations,2.8,3.2,3,3.4,481
Smart Net Networks,3.5,3.3,2.8,3.8,473
Smart Networks,3.5,3,3.6,3.3,306
Smart Solutions,4.2,4.3,4.2,5,852
Smart Space Analytics,3.5,3.2,3.4,3.5,75
Smart Systems,4.9,4.2,5,5,264
Smart Tech,4.4,4.1,5,4.5,555
Smart Tech Labs,3.5,3.9,3.2,3.8,470
Smart Technologies,2.4,1.7,2.2,2.6,926
SmartData Enterprises (India) Ltd,3.7,3.9,3.2,3.3,543
Snowflake,4.3,3.7,4.1,3.8,65
SNS Technologies Pvt Ltd,3,4.7,3.1,4.6,949
Sobha Renaissance,5,2.5,4.2,2.5,476
Soft Systems Pvt. Ltd.,2.1,1.4,4.7,3.6,484
SoftDEL Systems Ltd.,2.7,3.4,3.9,4.9,172
Softek Limited Specialisation: Location:,3.1,4.3,5,4.2,542
SoftProjex (India) Limited,3.8,5,3.7,3.7,330
"Software Technology Park – Patna, Patna",3.4,3.4,5,2.9,455
Software Technology Parks Of India,3.7,3.1,4,5,58
Solitar Systems (India) Pvt Ltd,4,4.6,3.3,3.7,228
SolutionNET India (Pvt ) Ltd,3.8,3.7,4.1,4.4,900
Solutions Infosystems Pvt. Ltd.,4.3,4.6,5,4.5,410
Solutions Integrated Marketing Services Pvt Ltd.,3.5,4.3,5,4.4,202
Sonata Software,4.3,4.2,4.1,5,409
Sonata Software Limited,3.3,3.8,4,3.8,452
Sony,3.5,3.6,3.1,3.9,802
Southstar Data Consultants Pvt. Ltd.,4.1,4.7,4.8,5,10
Sovika Infotek Ltd.,3.4,2.7,4.4,3.5,521
SPA Software Pvt. Ltd.,3.6,5,5,4.3,68
Speck Systems Limited,3.9,3,2.5,4.2,464
Spectramind eServices Private Limited Specialisation: Location:,3.6,3.6,3.2,4.1,181
Splunk,4.1,3.4,4.3,4.6,440
SQL Star International Limited,3.8,4,2.3,4.5,134
SRA Systems Ltd.,4,3.4,3,3.6,565
SRF Infotel (A Division of SRF Ltd ),4.5,4,2.5,3.5,165
Srishti Software Private Limited,3.5,2.8,5,4.6,247
SRM Technologies Limited,3.7,2.2,3.2,4,231
SSG Software Systems (P) Ltd.,4.1,3.3,3.5,4.2,319
SSI Technologies,4.1,3.4,2.3,3.9,5154
Sterling Infotech Limited,3.3,4.5,3,4.4,927
Stream Tracmail Pvt. Ltd.,4.1,4,5,4.7,821
Subex Systems Limited,3.5,5,4.4,4.2,375
Summit Data,3.8,4.2,4.2,4,621
Summit Defense,3.7,3,3.8,4.1,135
Summit Dynamics,4,4.1,3.9,3.2,343
Summit Inc,4.8,4.7,4.6,4.7,918
Summit Information Technologies Ltd,3.2,2.8,4.7,4.9,144
Summit Labs,4.2,4.7,5,4.2,898
Summit Networks,4.4,3.7,5,4.8,396
Summit Software,3.8,4,4.1,4.2,664
Summit Systems,3,2.6,2.5,2.7,545
Summit Tech,2.9,2.9,3.7,3.2,543
Summit Technologies,4.2,4.2,4.4,5,730
SummitWorks Technologies Pvt. Ltd.,4.6,4.2,4.2,2.8,403
"Sun Informatics, Bhopal",3.6,3.4,3.4,3.5,123
Sun Microsystems India Pvt. Ltd.,4,4.3,5,5,371
Sundaram Infotech Solutions,2.6,3.7,2.7,5,889
Sunquest Information Systems (India) Pvt Ltd,3.6,4.2,3.5,3.3,105
"Suntec Business Solutions Pvt. Ltd., Trivandrum",4.1,2.3,3.7,3.2,542
Supertech Software & Hardware Pvt. Ltd.,4,2.1,3.1,4,512
Supertech Solutions Limited,3.6,3.2,4.3,3.3,97
Suvi Information Systems Pvt Ltd,2.8,3.8,2.8,3.6,918
Swiggy,3.1,3.9,3.9,3,100
Symantec,2.9,3.1,3.1,3.3,661
Symantec Ltd,3.4,2.8,3.4,3.5,30
Symco Software Pvt. Ltd.,3.1,5,2.8,5,356
Synapse Corp,3.8,3.5,3.1,4.2,605
Synapse Data,3.6,4.3,3.4,3.5,429
Synapse Dynamics,3.1,2,3.1,2.8,370
Synapse Group,2.9,2.9,3.6,2.5,100
Synapse Inc,4.4,4.2,4.7,4.7,818
Synapse Innovations,5,5,4.8,5,743
Synapse Networks,4.6,5,4.7,5,959
Synapse Software,4,3.9,4.5,4.1,848
Synapse Solutions,3.8,4.1,3.5,4.3,306
Synapse Systems,2.7,2.5,3.5,1.8,384
Synapse Tech,4.1,4.2,3.9,5,437
Synosoft Infotech (P) Ltd,3.6,3,4.8,4,578
Syntel (India) Ltd.,3.5,2.4,2.7,3.9,61
Sysnet Associates (India) Ltd.,4.8,3.9,4,3.6,73
Systech Solutions Pvt. Ltd,3.1,4.1,2,4.8,425
Systems & Software,2.3,4.2,3.3,3.8,95
Systems America (India) Pvt. Ltd.,4.1,3.7,3.3,4.3,103
Systems Plus (Pvt )Ltd Specialisation: Location:,4.7,4.5,5,4.8,370
Systime Computer Systems (I) Pvt. Ltd.,3.5,4.3,4,4.5,193
Talisma Corporation Pvt Ltd,3.8,1.8,3.6,3.6,390
Tally Solutions,3.6,3.2,3.8,4.5,715
Tally Solutions Pvt Ltd,3.8,2.9,3.3,3.7,279
Tanning Technology (India) Pvt Ltd,4,5,4.1,3.1,187
Tarang Software Technologies,2.7,4.1,4.6,3.1,209
Tasaa Netcom Private Limited,3.3,5,3.6,5,473
Tata Autocomp Systems Ltd,3,3.2,3.1,3.6,339
Tata Consultancy Services,4.2,3.5,3.4,3.9,386
Tata Consultancy Services,4.1,3.1,4.8,4.6,278
Tata Elxsi (India) Ltd.,4.3,5,4.3,3,131
Tata Infotech Ltd.,4.7,1.6,3.2,5,509
Tata Interactive Systems,3.5,3.4,2.9,3.2,886
Tata Internet Services Ltd,5,3.9,2.3,4,104
Tata Technologies Limit ed,3.8,3.6,5,4.1,225
Tattva App Innovations,2.9,3.1,2.9,3.6,280
Tattva Hub Innovations,4,3.9,3.4,3.8,337
Tattva Hub Networks,3.6,3.2,3.9,3.3,380
Tattva Info Analytics,3.8,3.9,3.6,3.5,58
Tattva Sec Pvt Ltd,4.2,4,4.3,4.3,497
Tattva Solutions Labs,4.5,3.9,4.1,4.7,26
Tattva Solutions Technologies,3.5,3.8,3.4,3.1,321
Tattva Sys Innovations,4.6,5,4.3,5,81
Tattva Tech Enterprises,3.4,4.1,3.8,3.5,235
Tattva Tech Systems,3.9,3.6,4.6,3.5,390
TCG Software Services Pvt. Ltd.,3.4,5,4.7,4.4,226
TCIL BellSouth Ltd.,4,3.4,3.1,3.8,736
TCS,3.1,3.6,2.7,3,733
TCT Technical Training (India) Pvt. Ltd.,2.6,4.8,3.4,3.6,385
Tech AI Innovations,3.5,4.3,3.8,4.1,291
Tech Cloud Enterprises,3.2,4.2,2.9,3,144
Tech Com Innovations,4.5,3.9,4.6,4.7,435
Tech Corp,4.3,4.5,4.5,5,669
Tech Cyber Systems,3.5,3.8,3.1,3.7,421
Tech Data,4.7,4,5,4.5,996
Tech Data Ventures,5,5,5,5,143
Tech Defense,3.7,3.1,3.4,3.2,518
Tech Group,2.7,2.8,2.4,2.6,26
Tech Hub Technologies,4.6,3,4.2,5,369
Tech Info Solutions,4.1,3.3,4.5,4.3,425
Tech Innovations,4.2,4.4,4.3,4.2,483
Tech Link Technologies,3.5,3.3,3.2,3.7,151
Tech Mahindra,4,3.8,3.6,4,745
Tech Net Enterprises,3.7,2.8,2.5,4.2,358
Tech Net Technologies,4.7,3.7,4.7,5,400
Tech Networks,2.8,3,3.2,3.3,668
Tech Sec Group,3.4,2.7,3.5,3.5,2154
Tech Security,3.7,3.6,3.1,3.3,542
Tech Software,3.3,3.2,4.2,3.9,654
Tech Tech Enterprises,3.9,2.7,4.5,3.8,444
Tech Technologies,3.2,4,3.4,3.6,263
Tech Works Limited,2.7,3,2.5,3.1,494
Technecall.com Services Pvt Ltd,2.9,4,3.8,4.5,542
"TECHNOPARK, Trivandrum",4.2,2.8,3.2,4,902
Technovate Data And Services Pvt. Ltd.,3.2,3.5,2.8,3.9,206
Techquest India Ltd.,3.1,3.6,3.9,3.1,654
Techsar Technologies Pvt Ltd,2.4,5,4.9,4.5,370
TechSpan India Ltd.,3.7,3.8,3.1,3.9,371
Tektronix Engineering Development (I) Ltd.,3.5,2,4.2,4,73
Tele Atlas India Pvt Ltd,5,4.4,3.8,4.7,299
Telecommunications Consultants India Ltd.,3.9,4.2,3.7,2.9,57
Telelogic India Pvt Ltd,2.5,4.3,4.5,3.6,124
Temenos India Pvt. Ltd.,4.6,2.7,3.8,4.7,723
Texas Instruments India Ltd.,4.3,3.8,4,5,523
Texport Technologies Pvt Ltd,3.5,3.8,3,4.2,687
TGK (India) Ltd.,3.3,4.4,4.8,4.2,949
The World Bank (IBRD),3.7,3.6,2.5,4.9,144
Thermax Systems & Software,4.7,2.7,3.6,3.7,300
Thinksoft Global Services (P) Ltd,3.5,3.6,4.7,3.5,291
Thirdware Solution Ltd.,3.3,4.8,3,5,370
Thoughtworks Technologies India,3.2,3.3,4.2,2.6,684
Thoughtworks Technologies India Pvt. Ltd.,4.9,3,1.8,3.8,597
Three S Solutions Ltd,3.5,4,2.9,2.4,442
"Tracmail India Pvt. Ltd., Navi",3.6,3.9,3.9,3.9,654
TransWorks Information Services Pvt. Ltd.,4.6,1.7,3.1,4.2,280
Transworld Infotech Ltd,5,4.9,4.7,4.4,421
Traveljini.com Pvt Ltd,5,2.7,4.1,3.6,280
"Tri Online Ltd., Orissa",4.2,5,2.4,2.9,164
Trident Infotech Corporation Ltd.,3.5,2.4,3.8,4,284
Trigent Software Ltd.,4.1,4.2,4.2,4.7,733
Trisoft System Pvt. Ltd,4.6,4.2,5,4.1,109
TVS eTechnology Limited,3.4,3.3,4.5,4.6,414
U2Can Infosearch Pvt Ltd,3.3,5,3.5,4.5,828
Uberall Solutions (I) Ltd,3.2,4.3,3.6,3.6,337
UBICS India Pvt. Ltd.,4.1,3.1,3.5,3.9,306
UEC SAIL Information Technology Ltd.,3.5,3.6,2.9,3,599
Unitech Software Solutions Ltd,3.9,3.6,4.6,5,728
Universal Print Systems Ltd,4.1,4.6,4.8,2.7,472
"Universal Software Technology Park (P) Ltd, Kerela",4.7,4.4,5,4.3,42
UPTEC Computer Consultancy Ltd.,4.1,4.7,3.1,4.3,246
Usha Martin Infotech Ltd,2.9,3.2,4.3,4.8,947
UshaComm India Pvt. Ltd.,4.2,3.3,2.4,3.3,488
"Ushus Technologies Pvt Ltd, Trivandrum",4.2,3.7,5,3.5,228
UST India,3.7,4.1,5,3.6,270
UTL Technologies Ltd.,3.4,2.8,3,4.9,186
V2 Infotech (India) Pvt. Ltd.,3.8,4.9,3.7,3.4,848
Value Software Technologies Pvt. Ltd.,2.7,3.2,3.5,3.1,407
Vayu AI Solutions,2.8,3.5,3.9,2.4,325
Vayu AI Systems,3.7,3.4,4.8,3.4,381
Vayu App Labs,3.5,3,3.5,3.9,231
Vayu Consulting Labs,3.3,3,3.4,3.1,365
Vayu Consulting Solutions,2.5,2.3,2.8,2.9,209
Vayu Cyber Analytics,4.4,4.7,3.6,4.1,403
Vayu Cyber Systems,4.3,5,4.2,4.5,170
Vayu Data Limited,4.8,5,4.9,5,421
Vayu Data Networks,2.8,3.1,3,3.7,320
Vayu Labs Labs,3.3,2.4,3.2,3,307
Vayu Labs Networks,3.7,3.8,3.5,4,434
Vayu Net Innovations,5,4.9,5,5,171
Vayu Services Enterprises,4.1,3.9,4.5,4.6,40
Vayu Web Labs,3.2,1.7,2.6,3.6,270
Vayu Web Limited,3.5,3.1,3.7,4,58
Vayu Web Ventures,4.1,4.1,4.1,4.6,44
vCustomer Services India Pvt Ltd,4.1,5,3.9,4.7,873
Vedic AI Pvt Ltd,3,3,2.6,2.8,233
Vedic Consulting Group,2.9,2.6,3.1,3.1,472
Vedic Consulting Networks,3.9,2.9,3.5,4.3,152
Vedic Info Labs,4.3,5,4.5,5,292
Vedic Labs Labs,3.2,4,2.7,3.4,143
Vedic Link Networks,3,3.2,2.6,3.1,379
Vedic Net Limited,3.9,3.8,3.6,3.7,204
Vedic Services Systems,3.7,2.8,3.1,4.6,47
Vedic Soft Networks,4.5,4.7,4.3,5,125
Vedic Space Ventures,3.5,4.1,3.5,3.4,497
Vedika Software Pvt. Ltd.,3.9,4.2,3.4,4.6,397
Velocient Technologies Limited,4.1,2.9,3,1.9,551
Venire IT Ltd.,3.2,2.8,4.6,4.6,170
Vetri Software (India) Ltd.,3.3,3.4,4,3.7,386
VGL Softech Limited,3.5,4,3.8,4.2,407
Vibgyor Graphics & Research Centre Ltd.,3.2,4.4,4.9,4.6,976
Videsh Sanchar Nigam Limited,3.3,5,4.8,4.4,461
Vindhya AI Analytics,3.9,5,3.7,3.7,484
Vindhya App Systems,3.9,3.8,4.8,3.4,136
Vindhya App Technologies,4.6,4,4,3.9,330
Vindhya Cloud Solutions,3.9,1.9,4.2,4.3,346
Vindhya Com Group,3.3,3.8,3.3,3.9,257
Vindhya Consulting Enterprises,4.3,4,4.3,3.9,21
Vindhya Consulting Ventures,3.6,3.1,4.8,4,460
Vindhya Cyber Pvt Ltd,2.9,3.5,2.9,3.2,134
Vindhya Labs Group,5,4.9,4.8,5,201
Vindhya Link Enterprises,5,5,5,4.9,295
Vindhya Sec Systems,2.8,3.2,3.4,3.1,254
Vindhya Services Technologies,3.3,2.9,3,3.2,246
Virmati Software &,3.4,4.3,4.5,4.6,964
Visesh Infosystems Limited,2.9,3.8,2.9,3.2,5451
Vision Analytics,3.5,3.5,2.4,3.4,720
Vision Comptech Integrators Ltd,3.7,3,3.4,4.1,205
Vision Corp,5,5,4.3,5,484
Vision Data,3.5,4.1,3.6,3.9,90
Vision Dynamics,3.5,3.1,2.8,4.2,123
Vision Group,3.6,4.1,4.3,4.2,755
Vision Healthsource (I) Pvt. Ltd.,4.3,3.8,3.3,3.6,392
Vision Innovations,4.1,3.8,3.5,4.3,165
Vision Labs,3.6,3.3,3.8,3.3,509
Vision Networks,3.2,2.4,3.8,3,143
Vision Security,4.8,4.1,5,4.5,218
Vision Software,4,4.3,3.1,3.9,125
Vispark Solutions (I) Pvt Ltd,5,4.3,5,4.4,473
Visual Web Solutions Ltd,2.7,3.1,2.5,4.3,279
VisualSoft Technologies Ltd.,3.4,3.8,5,3.6,196
VJIL Consulting Limited,3.4,3.2,3,4.3,231
vMoksha Technologies Pvt Ltd,3.8,5,3.7,4.5,446
VMware,4.2,3.9,4,4,783
vSplash TechWorks Pvt Ltd,4,3.4,3,4.7,279
Vt Plex (India) Pvt. Ltd.,3.5,3,4.3,4.5,135
Vulcan Infotech,3.3,3.2,3.3,4.5,218
VXL eTech Ltd,2.9,3.1,2.1,4.9,927
Vyapin Software Systems Pvt. Ltd.,4.2,5,4.2,4.6,349
Walchand Cricketnext.com Limited,3.4,4,2.6,4.7,21
Walchand Infotech,4.7,2.7,2.3,3.7,68
Weal Infotech Ltd.,4.4,3.5,2.4,4,216
Web Development Company Pvt Ltd,5,4.6,4.2,3.3,370
Web Spiders (I) Pvt Ltd,3.8,2.9,3.8,4,383
Webresource Pvt Ltd,4.1,2.6,4.4,4,223
West Bengal Electronics Industry Development Corporation Ltd.,2.9,2.3,4.6,3.7,346
Wilco International Systems Pvt. Ltd.,4.1,3.8,4.1,4.7,447
Wipro,3.4,3.2,3.3,3.6,908
Wipro Limited,3.2,4,4.6,3,542
Wipro Technologies,4.1,3.3,3.4,4.5,434
Xansa (India) Ltd,4,4,3.3,4,228
Xcelvision Technologies Limited,3.7,3.2,3,4.1,109
Xerox Modicorp Limited,4.1,4.1,3.7,3.1,374
XL Softech Systems Limited,2.9,3.6,2.9,4.4,186
XLN'ce Software (Div. Of BLA Industries Ltd.),3.4,4.4,3.1,4.8,457
Xoriant Solutions Pvt Ltd,3.6,4.9,3.3,3.3,171
Yamuna AI Innovations,3.2,2.7,2.8,3.2,30
Yamuna AI Solutions,3.6,2.7,3.5,4.3,28
Yamuna Cloud Solutions,5,5,4.9,5,342
Yamuna Com Analytics,4.3,3.9,5,4.7,370
Yamuna Data Labs,4.2,5,3.4,4.6,452
Yamuna Soft Analytics,2.8,3.6,2.6,3.7,355
Yamuna Soft Limited,4.4,4,4.5,4.6,379
Yamuna Soft Networks,3.5,3.7,3,3.6,407
Yamuna Solutions Limited,4.1,3.8,2.9,4.2,406
Yamuna Solutions Systems,3.4,3.6,3.9,3.5,452
Yojana Systems Pvt. Ltd.,3.6,4.2,3.5,4.9,406
Zen Technologies Ltd,4.3,4.9,3.6,2.6,253
Zenith Analytics,3.6,4.2,2.9,3.5,828
Zenith Computers Ltd.,2.9,4.4,3.4,5,720
Zenith Consulting,3.2,3.6,3.3,3.4,654
Zenith Corp,2.9,2.2,3.3,3.3,557
Zenith Dynamics,3.9,2.7,3.6,4.9,809
Zenith Group,5,5,4.9,5,994
Zenith Inc,4.4,4.7,4.3,5,543
Zenith Infotech Ltd.,4.2,1.6,3.2,3.3,911
Zenith Labs,3.5,4.3,3,3.7,843
Zenith Networks,4.1,3.4,4.1,4.6,656
Zenith Security,3.5,4.6,3.7,4,849
Zenith Software Limited,3.3,3.9,5,3.2,39
Zenith Solutions,4.1,3.4,4.2,4.3,982
Zenith Tech,4.6,5,4.4,4.6,513
Zenith Technologies,3.9,3.1,3.2,4.3,194
Zensar Technologies,3.3,4.9,4.4,4.9,225
Zensar Technologies Limited,5,2.9,5,4.3,457
Zoho Corporation,4.8,4.2,4,4.3,974
Zomato,5,4.3,3.6,5,152
Zycus Infotech Pvt. Ltd.,2.9,3.4,3.4,4.1,182
